,date,diff
0,2007-04-01,1.0
1,2007-04-02,0.996172527808
2,2007-04-03,1.00522638124
3,2007-04-04,1.02457515096
4,2007-04-05,1.03354091104
5,2007-04-06,1.04048003886
6,2007-04-09,1.0443629808
7,2007-04-10,1.05716622133
8,2007-04-11,1.04352423603
9,2007-04-12,1.04707036408
10,2007-04-13,1.03858297051
11,2007-04-16,1.04975329342
12,2007-04-17,1.06890452963
13,2007-04-18,1.09854968522
14,2007-04-19,1.08003326527
15,2007-04-20,1.08896791676
16,2007-04-23,1.10142594686
17,2007-04-24,1.11639036474
18,2007-04-25,1.10209765337
19,2007-04-26,1.09893177183
20,2007-04-27,1.11026453878
21,2007-04-30,1.10742091748
22,2007-05-08,1.12924077733
23,2007-05-09,1.13970070035
24,2007-05-10,1.14664332745
25,2007-05-11,1.14618280721
26,2007-05-14,1.16167818015
27,2007-05-15,1.16117319387
28,2007-05-16,1.16064043086
29,2007-05-17,1.15200021026
30,2007-05-18,1.15080417837
31,2007-05-21,1.1591737479
32,2007-05-22,1.16547163774
33,2007-05-23,1.17742044245
34,2007-05-24,1.1775675546
35,2007-05-25,1.17896354884
36,2007-05-28,1.18625782029
37,2007-05-29,1.19164198344
38,2007-05-30,1.19159732647
39,2007-05-31,1.11317564266
40,2007-06-01,1.0485378699
41,2007-06-04,1.02421075484
42,2007-06-05,1.03969056944
43,2007-06-06,1.05992481215
44,2007-06-07,1.06969290951
45,2007-06-08,1.05409551065
46,2007-06-11,1.05562795287
47,2007-06-12,1.04446833156
48,2007-06-13,1.0590045804
49,2007-06-14,1.03959571711
50,2007-06-15,1.02454147268
51,2007-06-18,1.04389039998
52,2007-06-19,1.06635053754
53,2007-06-20,1.05162775027
54,2007-06-21,1.03500073366
55,2007-06-22,1.05213544987
56,2007-06-25,1.03819323348
57,2007-06-26,1.05827575855
58,2007-06-27,1.05383423193
59,2007-06-28,1.04726068165
60,2007-06-29,1.03750606629
61,2007-07-02,1.00507101836
62,2007-07-03,1.01450992271
63,2007-07-04,1.00780360286
64,2007-07-05,1.00495590341
65,2007-07-06,0.994459012087
66,2007-07-09,1.00331512982
67,2007-07-10,0.997604687823
68,2007-07-11,0.992382127869
69,2007-07-12,0.994656743
70,2007-07-13,0.985080838211
71,2007-07-16,0.991100075394
72,2007-07-17,0.991036251195
73,2007-07-18,0.990057579331
74,2007-07-19,0.993820721893
75,2007-07-20,0.987706327032
76,2007-07-23,0.97723665515
77,2007-07-24,0.971950694276
78,2007-07-25,0.968464538678
79,2007-07-26,0.960420644365
80,2007-07-27,0.957382267045
81,2007-07-30,0.962782618366
82,2007-07-31,0.952864030217
83,2007-08-01,0.926037896682
84,2007-08-02,0.94947074997
85,2007-08-03,0.934571360404
86,2007-08-06,0.929146598643
87,2007-08-07,0.905101595226
88,2007-08-08,0.909836566708
89,2007-08-09,0.90408893346
90,2007-08-10,0.898827862143
91,2007-08-13,0.895118713283
92,2007-08-14,0.910675242222
93,2007-08-15,0.922499866821
94,2007-08-16,0.970528802666
95,2007-08-17,0.966695803192
96,2007-08-20,0.944492412695
97,2007-08-21,0.939073911806
98,2007-08-22,0.939418379151
99,2007-08-23,0.934189797916
100,2007-08-24,0.94821650169
101,2007-08-27,0.946847395232
102,2007-08-28,0.964909227599
103,2007-08-29,1.00072163106
104,2007-08-30,1.02376228495
105,2007-08-31,1.05513150297
106,2007-09-03,1.08283811051
107,2007-09-04,1.06727000271
108,2007-09-05,1.08850237303
109,2007-09-06,1.09755123514
110,2007-09-07,1.10123073317
111,2007-09-10,1.11173255301
112,2007-09-11,1.11734141105
113,2007-09-12,1.13732422261
114,2007-09-13,1.1571688938
115,2007-09-14,1.18721422351
116,2007-09-17,1.19063216832
117,2007-09-18,1.17620640764
118,2007-09-19,1.16954641431
119,2007-09-20,1.17712973788
120,2007-09-21,1.18302633301
121,2007-09-24,1.18299068185
122,2007-09-25,1.16230100079
123,2007-09-26,1.16560404752
124,2007-09-27,1.19696348252
125,2007-09-28,1.207266292
126,2007-10-08,1.19298529739
127,2007-10-09,1.15886461428
128,2007-10-10,1.16777747126
129,2007-10-11,1.16397692563
130,2007-10-12,1.18355811229
131,2007-10-15,1.17627284946
132,2007-10-16,1.20868442084
133,2007-10-17,1.18985937897
134,2007-10-18,1.1441960972
135,2007-10-19,1.13991399091
136,2007-10-22,1.07724988014
137,2007-10-23,1.0474854244
138,2007-10-24,1.02854333706
139,2007-10-25,0.97950330787
140,2007-10-26,0.991946541344
141,2007-10-29,1.05852113404
142,2007-10-30,1.07159929618
143,2007-10-31,1.05942960026
144,2007-11-01,1.06604920815
145,2007-11-02,1.04960705154
146,2007-11-05,1.02622036653
147,2007-11-06,1.02106749304
148,2007-11-07,1.02986279419
149,2007-11-08,1.023782018
150,2007-11-09,1.04116519478
151,2007-11-12,1.04668887479
152,2007-11-13,1.01835822858
153,2007-11-14,1.01506019479
154,2007-11-15,1.01625083835
155,2007-11-16,1.00928605806
156,2007-11-19,0.979852675213
157,2007-11-20,0.975120633211
158,2007-11-21,0.971220502804
159,2007-11-22,0.967247380785
160,2007-11-23,0.966824941841
161,2007-11-26,0.960281027551
162,2007-11-27,0.95047384287
163,2007-11-28,0.949628760927
164,2007-11-29,0.96005973517
165,2007-11-30,0.960140519852
166,2007-12-03,0.950196658411
167,2007-12-04,0.942664756515
168,2007-12-05,0.925586091476
169,2007-12-06,0.925055606509
170,2007-12-07,0.924044369046
171,2007-12-10,0.922861700624
172,2007-12-11,0.939256397687
173,2007-12-12,0.954825589339
174,2007-12-13,0.961559282695
175,2007-12-14,0.957231427923
176,2007-12-17,0.994916213302
177,2007-12-18,0.985347504745
178,2007-12-19,0.977723304842
179,2007-12-20,0.966477572605
180,2007-12-21,0.964087797187
181,2007-12-24,0.95359052466
182,2007-12-25,0.963124626476
183,2007-12-26,0.971772683594
184,2007-12-27,0.960551644039
185,2007-12-28,0.961286474676
186,2008-01-02,0.987324034914
187,2008-01-03,1.002495924
188,2008-01-04,1.00271521214
189,2008-01-07,1.01591661039
190,2008-01-08,0.9909805867
191,2008-01-09,1.01114723536
192,2008-01-10,0.996282096732
193,2008-01-11,0.985539745999
194,2008-01-14,0.991405656431
195,2008-01-15,1.02210792555
196,2008-01-16,1.06536212007
197,2008-01-17,1.0547143009
198,2008-01-18,1.06022510159
199,2008-01-21,1.07481354195
200,2008-01-22,1.05739895503
201,2008-01-23,1.06088545689
202,2008-01-24,1.08386561702
203,2008-01-25,1.06142376331
204,2008-01-28,1.04854783355
205,2008-01-29,1.06684474211
206,2008-01-30,1.09497016073
207,2008-01-31,1.05825467877
208,2008-02-01,1.00654118732
209,2008-02-04,1.01625033228
210,2008-02-05,1.01498442843
211,2008-02-13,1.04565177745
212,2008-02-14,1.04909531858
213,2008-02-15,1.09165086858
214,2008-02-18,1.12325912402
215,2008-02-19,1.10659750067
216,2008-02-20,1.15094639526
217,2008-02-21,1.15818422051
218,2008-02-22,1.17977856203
219,2008-02-25,1.19782758952
220,2008-02-26,1.20164098848
221,2008-02-27,1.21421121444
222,2008-02-28,1.22546133344
223,2008-02-29,1.2186955075
224,2008-03-03,1.2419168353
225,2008-03-04,1.29352100771
226,2008-03-05,1.33842700428
227,2008-03-06,1.30532706508
228,2008-03-07,1.26572928
229,2008-03-10,1.26851883152
230,2008-03-11,1.31099246246
231,2008-03-12,1.2950116081
232,2008-03-13,1.28370207291
233,2008-03-14,1.28565845723
234,2008-03-17,1.23608995664
235,2008-03-18,1.20893130242
236,2008-03-19,1.24546251475
237,2008-03-20,1.25164398121
238,2008-03-21,1.2429655863
239,2008-03-24,1.26469882793
240,2008-03-25,1.27412785834
241,2008-03-26,1.25039913551
242,2008-03-27,1.22966170276
243,2008-03-28,1.20482552188
244,2008-03-31,1.19978271844
245,2008-04-01,1.18896087807
246,2008-04-02,1.1539505733
247,2008-04-03,1.12524881222
248,2008-04-07,1.11421763408
249,2008-04-08,1.12548410032
250,2008-04-09,1.11770357838
251,2008-04-10,1.11620962909
252,2008-04-11,1.12469880973
253,2008-04-14,1.13169897728
254,2008-04-15,1.129196471
255,2008-04-16,1.12623335129
256,2008-04-17,1.11895202958
257,2008-04-18,1.09692472851
258,2008-04-21,1.06685253615
259,2008-04-22,1.03774305258
260,2008-04-23,1.01430862275
261,2008-04-24,0.991831766696
262,2008-04-25,0.986307943731
263,2008-04-28,0.984746578158
264,2008-04-29,0.986067057359
265,2008-04-30,0.963115478242
266,2008-05-05,0.939017365721
267,2008-05-06,0.93619634408
268,2008-05-07,0.937204057662
269,2008-05-08,0.946196106761
270,2008-05-09,0.937301759328
271,2008-05-12,0.930937357628
272,2008-05-13,0.923527998724
273,2008-05-14,0.931327811464
274,2008-05-15,0.930815988159
275,2008-05-16,0.938719227985
276,2008-05-19,0.947968972493
277,2008-05-20,0.949258399418
278,2008-05-21,0.942204637154
279,2008-05-22,0.944185451665
280,2008-05-23,0.945405120659
281,2008-05-26,0.931631376503
282,2008-05-27,0.930066446069
283,2008-05-28,0.936945470323
284,2008-05-29,0.935880105472
285,2008-05-30,0.94096227287
286,2008-06-02,0.9474878299
287,2008-06-03,0.942713484194
288,2008-06-04,0.944422353288
289,2008-06-05,0.9488527788
290,2008-06-06,0.946410468224
291,2008-06-10,0.9668355767
292,2008-06-11,0.968911852687
293,2008-06-12,0.965961990333
294,2008-06-13,0.976857746079
295,2008-06-16,0.961136625292
296,2008-06-17,0.960860418488
297,2008-06-18,0.954335957554
298,2008-06-19,0.965355904359
299,2008-06-20,0.956027465427
300,2008-06-23,0.966809621663
301,2008-06-24,0.96577590403
302,2008-06-25,0.963503979737
303,2008-06-26,0.962107402487
304,2008-06-27,0.971783094556
305,2008-06-30,0.97215812426
306,2008-07-01,0.980326942701
307,2008-07-02,0.984782154383
308,2008-07-03,0.977778650963
309,2008-07-04,0.942998053233
310,2008-07-07,0.923966343031
311,2008-07-08,0.939867826082
312,2008-07-09,0.930233227065
313,2008-07-10,0.940404821223
314,2008-07-11,0.952289039873
315,2008-07-14,0.955166764623
316,2008-07-15,0.964654944364
317,2008-07-16,0.968668721627
318,2008-07-17,0.964501537735
319,2008-07-18,0.940433691184
320,2008-07-21,0.928079478404
321,2008-07-22,0.923745733976
322,2008-07-23,0.911666331019
323,2008-07-24,0.89572977903
324,2008-07-25,0.88593255089
325,2008-07-28,0.89031234899
326,2008-07-29,0.92761548497
327,2008-07-30,0.916715806335
328,2008-07-31,0.927231248724
329,2008-08-01,0.921886360356
330,2008-08-04,0.924104121415
331,2008-08-05,0.931889594544
332,2008-08-06,0.932568013819
333,2008-08-07,0.94230929662
334,2008-08-08,0.92286738786
335,2008-08-11,0.909702815101
336,2008-08-12,0.911631196205
337,2008-08-13,0.907404128231
338,2008-08-14,0.910113221443
339,2008-08-15,0.910996678639
340,2008-08-18,0.919252200704
341,2008-08-19,0.920570092908
342,2008-08-20,0.8895986688
343,2008-08-21,0.908080162227
344,2008-08-22,0.900902737804
345,2008-08-25,0.894828342793
346,2008-08-26,0.876425643919
347,2008-08-27,0.885421638011
348,2008-08-28,0.877097491645
349,2008-08-29,0.875799447351
350,2008-09-01,0.874808703105
351,2008-09-02,0.877993239875
352,2008-09-03,0.879519591027
353,2008-09-04,0.87269413597
354,2008-09-05,0.877194551475
355,2008-09-08,0.879135016372
356,2008-09-09,0.877570095557
357,2008-09-10,0.879567511281
358,2008-09-11,0.880351805703
359,2008-09-12,0.882654931906
360,2008-09-16,0.867711732103
361,2008-09-17,0.864108815153
362,2008-09-18,0.87456285822
363,2008-09-19,0.86038352753
364,2008-09-22,0.864992880745
365,2008-09-23,0.880899710579
366,2008-09-24,0.874431456912
367,2008-09-25,0.870989079378
368,2008-09-26,0.876497817105
369,2008-10-06,0.877530324578
370,2008-10-07,0.866575708795
371,2008-10-08,0.872927408752
372,2008-10-09,0.861836198816
373,2008-10-10,0.871275956923
374,2008-10-13,0.861479549499
375,2008-10-14,0.855599762177
376,2008-10-15,0.857136049544
377,2008-10-16,0.864728832689
378,2008-10-17,0.869206371483
379,2008-10-20,0.865233162406
380,2008-10-21,0.861243798813
381,2008-10-22,0.864928670857
382,2008-10-23,0.870192232358
383,2008-10-24,0.870933263001
384,2008-10-27,0.891759143158
385,2008-10-28,0.886093281456
386,2008-10-29,0.890474981094
387,2008-10-30,0.890432698405
388,2008-10-31,0.890688981698
389,2008-11-03,0.87980776066
390,2008-11-04,0.877518618586
391,2008-11-05,0.866630097424
392,2008-11-06,0.888588699519
393,2008-11-07,0.887686530323
394,2008-11-10,0.870252819021
395,2008-11-11,0.86829047831
396,2008-11-12,0.872379078364
397,2008-11-13,0.870838578961
398,2008-11-14,0.861663168646
399,2008-11-17,0.882491603199
400,2008-11-18,0.951846892981
401,2008-11-19,0.94156171058
402,2008-11-20,0.939441664394
403,2008-11-21,0.928249810931
404,2008-11-24,0.927987972246
405,2008-11-25,0.911858963383
406,2008-11-26,0.908844286671
407,2008-11-27,0.90475460906
408,2008-11-28,0.919477668993
409,2008-12-01,0.926921686785
410,2008-12-02,0.928402185419
411,2008-12-03,0.918138548748
412,2008-12-04,0.899554388228
413,2008-12-05,0.908635201925
414,2008-12-08,0.908580273381
415,2008-12-09,0.922039157967
416,2008-12-10,0.917469182695
417,2008-12-11,0.910900964105
418,2008-12-12,0.913152379565
419,2008-12-15,0.915338593875
420,2008-12-16,0.912097697046
421,2008-12-17,0.911497706594
422,2008-12-18,0.908687461377
423,2008-12-19,0.925351019053
424,2008-12-22,0.934280931215
425,2008-12-23,0.922324982003
426,2008-12-24,0.926876935818
427,2008-12-25,0.933331997163
428,2008-12-26,0.937681123921
429,2008-12-29,0.938560599456
430,2008-12-30,0.933927782253
431,2008-12-31,0.918632692074
432,2009-01-05,0.900765857975
433,2009-01-06,0.899273228251
434,2009-01-07,0.901437056728
435,2009-01-08,0.89226092438
436,2009-01-09,0.894579525103
437,2009-01-12,0.903415291037
438,2009-01-13,0.910531571796
439,2009-01-14,0.899759044116
440,2009-01-15,0.903730341091
441,2009-01-16,0.897099464959
442,2009-01-19,0.887591640813
443,2009-01-20,0.889150645049
444,2009-01-21,0.890202398963
445,2009-01-22,0.890918771266
446,2009-01-23,0.889185971496
447,2009-02-02,0.897290851719
448,2009-02-03,0.906744631998
449,2009-02-04,0.917285645925
450,2009-02-05,0.917348404418
451,2009-02-06,0.930582644976
452,2009-02-09,0.945771897406
453,2009-02-10,0.962188580733
454,2009-02-11,0.956048959618
455,2009-02-12,0.949696067372
456,2009-02-13,0.949881836038
457,2009-02-16,0.967819075293
458,2009-02-17,0.955977257578
459,2009-02-18,0.939436943006
460,2009-02-19,0.95669687328
461,2009-02-20,0.980438659967
462,2009-02-23,0.990438242947
463,2009-02-24,0.998799835444
464,2009-02-25,1.01851259394
465,2009-02-26,1.00359338101
466,2009-02-27,0.951667979449
467,2009-03-02,0.952179952526
468,2009-03-03,0.95541932873
469,2009-03-04,0.961991773729
470,2009-03-05,0.961459025438
471,2009-03-06,0.961771591519
472,2009-03-09,0.945441130491
473,2009-03-10,0.956001469101
474,2009-03-11,0.974597415932
475,2009-03-12,0.9693936688
476,2009-03-13,0.966525727301
477,2009-03-16,0.965044374623
478,2009-03-17,0.978012665711
479,2009-03-18,0.986072391789
480,2009-03-19,1.00178502306
481,2009-03-20,1.03030747422
482,2009-03-23,1.03101536844
483,2009-03-24,1.03365252054
484,2009-03-25,1.04263278983
485,2009-03-26,1.04158224594
486,2009-03-27,1.0350453618
487,2009-03-30,1.02172197453
488,2009-03-31,1.03365064725
489,2009-04-01,1.03709205334
490,2009-04-02,1.02946006718
491,2009-04-03,1.03079658155
492,2009-04-07,1.03093823566
493,2009-04-08,1.03300189475
494,2009-04-09,1.05418449196
495,2009-04-10,1.05134739207
496,2009-04-13,1.0342866164
497,2009-04-14,1.04648823155
498,2009-04-15,1.0603993438
499,2009-04-16,1.06985825625
500,2009-04-17,1.08232563229
501,2009-04-20,1.1041790766
502,2009-04-21,1.12068436916
503,2009-04-22,1.0898866042
504,2009-04-23,1.09394631307
505,2009-04-24,1.08810505267
506,2009-04-27,1.06017399791
507,2009-04-28,1.07467647873
508,2009-04-29,1.08820510903
509,2009-04-30,1.09761319724
510,2009-05-04,1.09685535427
511,2009-05-05,1.10429697152
512,2009-05-06,1.097913508
513,2009-05-07,1.10173062029
514,2009-05-08,1.11452452675
515,2009-05-11,1.0798736351
516,2009-05-12,1.08487194215
517,2009-05-13,1.0934391673
518,2009-05-14,1.10825636309
519,2009-05-15,1.11111205971
520,2009-05-18,1.13134500846
521,2009-05-19,1.11750489315
522,2009-05-20,1.12471284994
523,2009-05-21,1.12852323978
524,2009-05-22,1.12727589559
525,2009-05-25,1.12630555242
526,2009-05-26,1.13431020823
527,2009-05-27,1.12134116577
528,2009-06-01,1.10194273321
529,2009-06-02,1.10226068767
530,2009-06-03,1.09562032793
531,2009-06-04,1.10614028529
532,2009-06-05,1.09918516324
533,2009-06-08,1.10737282329
534,2009-06-09,1.1304794492
535,2009-06-10,1.13228408107
536,2009-06-11,1.13317957315
537,2009-06-12,1.11750525238
538,2009-06-15,1.11533329572
539,2009-06-16,1.10909112043
540,2009-06-17,1.10675027815
541,2009-06-18,1.10204038677
542,2009-06-19,1.09363156491
543,2009-06-22,1.09236093585
544,2009-06-23,1.08699680107
545,2009-06-24,1.09724537788
546,2009-06-25,1.10424394533
547,2009-06-26,1.11217168137
548,2009-06-29,1.10939740136
549,2009-06-30,1.10329961726
550,2009-07-01,1.11789986979
551,2009-07-02,1.11801599115
552,2009-07-03,1.12853177875
553,2009-07-06,1.13129543569
554,2009-07-07,1.13098420038
555,2009-07-08,1.13068623557
556,2009-07-09,1.11457250063
557,2009-07-10,1.11640424484
558,2009-07-13,1.10966360069
559,2009-07-14,1.11456344461
560,2009-07-15,1.10197121305
561,2009-07-16,1.10858653196
562,2009-07-17,1.093410914
563,2009-07-20,1.08217732552
564,2009-07-21,1.09281401983
565,2009-07-22,1.09654623576
566,2009-07-23,1.09478290261
567,2009-07-24,1.08748837037
568,2009-07-27,1.08592996319
569,2009-07-28,1.07911615813
570,2009-07-29,1.10035179312
571,2009-07-30,1.11604501554
572,2009-07-31,1.11156905625
573,2009-08-03,1.16328197496
574,2009-08-04,1.15913863897
575,2009-08-05,1.13494873792
576,2009-08-06,1.10441513016
577,2009-08-07,1.07734687285
578,2009-08-10,1.07826091601
579,2009-08-11,1.08013028866
580,2009-08-12,1.0825409704
581,2009-08-13,1.08111017199
582,2009-08-14,1.0685273686
583,2009-08-17,1.04266575102
584,2009-08-18,1.07513016329
585,2009-08-19,1.04151479312
586,2009-08-20,1.03604097433
587,2009-08-21,1.04078078479
588,2009-08-24,1.03259973714
589,2009-08-25,1.00787145583
590,2009-08-26,1.01239109762
591,2009-08-27,1.01408895893
592,2009-08-28,0.998430586047
593,2009-08-31,0.979444201305
594,2009-09-01,0.965689510178
595,2009-09-02,0.957996094512
596,2009-09-03,0.944455238237
597,2009-09-04,0.958744194854
598,2009-09-07,0.982366466672
599,2009-09-08,0.963888316252
600,2009-09-09,0.949179628318
601,2009-09-10,0.944970030644
602,2009-09-11,0.948690267422
603,2009-09-14,0.956183782507
604,2009-09-15,0.957611710469
605,2009-09-16,0.96664340283
606,2009-09-17,0.975447957048
607,2009-09-18,0.996512450332
608,2009-09-21,1.0230864135
609,2009-09-22,1.02041509225
610,2009-09-23,1.00230839999
611,2009-09-24,0.991284948363
612,2009-09-25,0.991118808333
613,2009-09-28,0.995836304131
614,2009-09-29,0.981477103554
615,2009-09-30,0.986157037161
616,2009-10-09,0.972211407638
617,2009-10-12,0.965923129323
618,2009-10-13,0.961037782128
619,2009-10-14,0.967549519858
620,2009-10-15,0.966820550009
621,2009-10-16,0.972941287213
622,2009-10-19,0.975662671536
623,2009-10-20,0.971690418609
624,2009-10-21,0.985225530829
625,2009-10-22,0.990373481683
626,2009-10-23,0.98851492089
627,2009-10-26,0.983015328343
628,2009-10-27,0.977676321294
629,2009-10-28,0.979016961799
630,2009-10-29,0.983835602028
631,2009-10-30,0.989444209555
632,2009-11-02,0.978566479976
633,2009-11-03,1.00161606394
634,2009-11-04,0.993094012272
635,2009-11-05,1.01372995565
636,2009-11-06,1.01829980204
637,2009-11-09,1.03241630061
638,2009-11-10,1.02912890672
639,2009-11-11,1.03402069251
640,2009-11-12,1.04737573558
641,2009-11-13,1.05888434648
642,2009-11-16,1.0523979566
643,2009-11-17,1.05455276162
644,2009-11-18,1.05863687507
645,2009-11-19,1.06590031183
646,2009-11-20,1.08037646316
647,2009-11-23,1.09309267617
648,2009-11-24,1.06983389355
649,2009-11-25,1.09541090274
650,2009-11-26,1.07511423075
651,2009-11-27,1.06777015359
652,2009-11-30,1.07598757299
653,2009-12-01,1.09477196304
654,2009-12-02,1.09338946466
655,2009-12-03,1.10815107932
656,2009-12-04,1.0731243485
657,2009-12-07,1.09901393181
658,2009-12-08,1.10447150402
659,2009-12-09,1.10631988651
660,2009-12-10,1.10924872102
661,2009-12-11,1.11750227308
662,2009-12-14,1.1048135897
663,2009-12-15,1.12673081974
664,2009-12-16,1.12158180977
665,2009-12-17,1.10620472243
666,2009-12-18,1.09687987465
667,2009-12-21,1.12153923989
668,2009-12-22,1.12115393756
669,2009-12-23,1.13276103507
670,2009-12-24,1.12982957163
671,2009-12-25,1.14468697955
672,2009-12-28,1.14696852404
673,2009-12-29,1.14073877852
674,2009-12-30,1.12029016272
675,2009-12-31,1.13274986403
676,2010-01-04,1.16048526632
677,2010-01-05,1.16115483479
678,2010-01-06,1.1723509827
679,2010-01-07,1.167499962
680,2010-01-08,1.18181691479
681,2010-01-11,1.19933276228
682,2010-01-12,1.20757054859
683,2010-01-13,1.2460695602
684,2010-01-14,1.24410055964
685,2010-01-15,1.23849143158
686,2010-01-18,1.24229850425
687,2010-01-19,1.24577971343
688,2010-01-20,1.24989228844
689,2010-01-21,1.2435050476
690,2010-01-22,1.22888660232
691,2010-01-25,1.22259747883
692,2010-01-26,1.21897271244
693,2010-01-27,1.23950897799
694,2010-01-28,1.247664232
695,2010-01-29,1.25163627282
696,2010-02-01,1.24128301441
697,2010-02-02,1.23879288264
698,2010-02-03,1.24494038074
699,2010-02-04,1.27593954322
700,2010-02-05,1.25265254359
701,2010-02-08,1.25628150513
702,2010-02-09,1.24298617727
703,2010-02-10,1.24012900306
704,2010-02-11,1.23433592693
705,2010-02-12,1.23397248982
706,2010-02-22,1.23701065243
707,2010-02-23,1.26617012158
708,2010-02-24,1.26519198328
709,2010-02-25,1.26245400361
710,2010-02-26,1.27679782725
711,2010-03-01,1.28014990697
712,2010-03-02,1.29312597712
713,2010-03-03,1.30234615111
714,2010-03-04,1.3077256755
715,2010-03-05,1.32738307035
716,2010-03-08,1.32578869041
717,2010-03-09,1.32126839895
718,2010-03-10,1.31040698754
719,2010-03-11,1.30057675429
720,2010-03-12,1.29149520785
721,2010-03-15,1.29639507322
722,2010-03-16,1.30751044495
723,2010-03-17,1.31802544274
724,2010-03-18,1.33249009654
725,2010-03-19,1.33214495551
726,2010-03-22,1.33617636191
727,2010-03-23,1.32639224061
728,2010-03-24,1.32942034781
729,2010-03-25,1.32352024516
730,2010-03-26,1.33714259303
731,2010-03-29,1.32176106143
732,2010-03-30,1.32531994792
733,2010-03-31,1.32272195687
734,2010-04-01,1.31172335455
735,2010-04-02,1.3048642409
736,2010-04-06,1.30737105731
737,2010-04-07,1.32328685855
738,2010-04-08,1.32751289707
739,2010-04-09,1.33979160904
740,2010-04-12,1.36953515735
741,2010-04-13,1.32465541205
742,2010-04-14,1.34115708651
743,2010-04-15,1.3420595396
744,2010-04-16,1.348275745
745,2010-04-19,1.36495622531
746,2010-04-20,1.40757357819
747,2010-04-21,1.43364739584
748,2010-04-22,1.45520216911
749,2010-04-23,1.44365804714
750,2010-04-26,1.4678371371
751,2010-04-27,1.47885560599
752,2010-04-28,1.47727658759
753,2010-04-29,1.46763890884
754,2010-04-30,1.40035208664
755,2010-05-04,1.43944273155
756,2010-05-05,1.46601359244
757,2010-05-06,1.51444720633
758,2010-05-07,1.51416735495
759,2010-05-10,1.44825926097
760,2010-05-11,1.42949103529
761,2010-05-12,1.40179766233
762,2010-05-13,1.42135475584
763,2010-05-14,1.46267752341
764,2010-05-17,1.49654450195
765,2010-05-18,1.47283524882
766,2010-05-19,1.4772014296
767,2010-05-20,1.46524936984
768,2010-05-21,1.44701504202
769,2010-05-24,1.44943976593
770,2010-05-25,1.48674085338
771,2010-05-26,1.48623236322
772,2010-05-27,1.47831184767
773,2010-05-28,1.5045094743
774,2010-05-31,1.56112382142
775,2010-06-01,1.53278803931
776,2010-06-02,1.52792074828
777,2010-06-03,1.53821372693
778,2010-06-04,1.54982644859
779,2010-06-07,1.5999986813
780,2010-06-08,1.62817844949
781,2010-06-09,1.60480059195
782,2010-06-10,1.60494822685
783,2010-06-11,1.56556110254
784,2010-06-17,1.46867393402
785,2010-06-18,1.40961588525
786,2010-06-21,1.39389836029
787,2010-06-22,1.39721688168
788,2010-06-23,1.40761070717
789,2010-06-24,1.3994785114
790,2010-06-25,1.38449466782
791,2010-06-28,1.36960176526
792,2010-06-29,1.39049458351
793,2010-06-30,1.42450681082
794,2010-07-01,1.43558144142
795,2010-07-02,1.47713595911
796,2010-07-05,1.4894278578
797,2010-07-06,1.48079247269
798,2010-07-07,1.46531927081
799,2010-07-08,1.47279710081
800,2010-07-09,1.47326996904
801,2010-07-12,1.49916317578
802,2010-07-13,1.48872315507
803,2010-07-14,1.47938442787
804,2010-07-15,1.48606664973
805,2010-07-16,1.48547266992
806,2010-07-19,1.48557994263
807,2010-07-20,1.4690182415
808,2010-07-21,1.46250553511
809,2010-07-22,1.4716064978
810,2010-07-23,1.48050893958
811,2010-07-26,1.46820256955
812,2010-07-27,1.46280236986
813,2010-07-28,1.47424775349
814,2010-07-29,1.4674726317
815,2010-07-30,1.46905092969
816,2010-08-02,1.47494463279
817,2010-08-03,1.51186566447
818,2010-08-04,1.51179798354
819,2010-08-05,1.48867885668
820,2010-08-06,1.46495948567
821,2010-08-09,1.47830207085
822,2010-08-10,1.46584958469
823,2010-08-11,1.48608530398
824,2010-08-12,1.51541942176
825,2010-08-13,1.51560177969
826,2010-08-16,1.49815981541
827,2010-08-17,1.5048197186
828,2010-08-18,1.49175242347
829,2010-08-19,1.47412963272
830,2010-08-20,1.45813829539
831,2010-08-23,1.44037051663
832,2010-08-24,1.45338530997
833,2010-08-25,1.43283323629
834,2010-08-26,1.43204945497
835,2010-08-27,1.43525119436
836,2010-08-30,1.41780930083
837,2010-08-31,1.40238425829
838,2010-09-01,1.41790548833
839,2010-09-02,1.43565925996
840,2010-09-03,1.4410177926
841,2010-09-06,1.42574517674
842,2010-09-07,1.43317215293
843,2010-09-08,1.49443245168
844,2010-09-09,1.51635201366
845,2010-09-10,1.5112825376
846,2010-09-13,1.51186537205
847,2010-09-14,1.519938068
848,2010-09-15,1.50148097769
849,2010-09-16,1.51309234136
850,2010-09-17,1.51094003046
851,2010-09-20,1.49306996164
852,2010-09-21,1.50939364427
853,2010-09-27,1.56358065146
854,2010-09-28,1.5967172283
855,2010-09-29,1.58047508083
856,2010-09-30,1.59167105157
857,2010-10-08,1.59964671715
858,2010-10-11,1.55720874682
859,2010-10-12,1.58043603384
860,2010-10-13,1.52929961223
861,2010-10-14,1.57455375208
862,2010-10-15,1.56247611271
863,2010-10-18,1.46850606631
864,2010-10-19,1.48216607611
865,2010-10-20,1.45713800797
866,2010-10-21,1.53147381618
867,2010-10-22,1.57681907766
868,2010-10-25,1.62904871415
869,2010-10-26,1.6249141516
870,2010-10-27,1.62514559005
871,2010-10-28,1.65340543374
872,2010-10-29,1.71173829018
873,2010-11-01,1.82069376719
874,2010-11-02,1.77832209766
875,2010-11-03,1.71363049609
876,2010-11-04,1.73676212716
877,2010-11-05,1.73724573582
878,2010-11-08,1.71514190258
879,2010-11-09,1.76540830142
880,2010-11-10,1.76102880957
881,2010-11-11,1.79339133378
882,2010-11-12,1.79771621267
883,2010-11-15,1.72451392718
884,2010-11-16,1.65768255263
885,2010-11-17,1.66236541195
886,2010-11-18,1.69409980276
887,2010-11-19,1.66157737408
888,2010-11-22,1.6464841219
889,2010-11-23,1.65212109059
890,2010-11-24,1.64865900696
891,2010-11-25,1.64016235266
892,2010-11-26,1.6683925817
893,2010-11-29,1.62424173067
894,2010-11-30,1.65275320656
895,2010-12-01,1.65534601433
896,2010-12-02,1.67514461894
897,2010-12-03,1.64586867601
898,2010-12-06,1.61887362038
899,2010-12-07,1.61941775791
900,2010-12-08,1.63138343635
901,2010-12-09,1.61952104272
902,2010-12-10,1.61603419192
903,2010-12-13,1.6111918967
904,2010-12-14,1.62961230348
905,2010-12-15,1.6339274862
906,2010-12-16,1.63224057658
907,2010-12-17,1.62974829197
908,2010-12-20,1.63407199208
909,2010-12-21,1.61532800736
910,2010-12-22,1.62870631192
911,2010-12-23,1.62002511856
912,2010-12-24,1.60946691142
913,2010-12-27,1.58935366649
914,2010-12-28,1.60881610664
915,2010-12-29,1.62113140663
916,2010-12-30,1.61845603453
917,2010-12-31,1.60937230532
918,2011-01-04,1.59522580152
919,2011-01-05,1.58639824094
920,2011-01-06,1.58181560906
921,2011-01-07,1.57711105976
922,2011-01-10,1.58490128588
923,2011-01-11,1.59148959998
924,2011-01-12,1.58935695091
925,2011-01-13,1.57592438904
926,2011-01-14,1.55170832813
927,2011-01-17,1.55073656737
928,2011-01-18,1.54934436664
929,2011-01-19,1.55719884692
930,2011-01-20,1.55120559759
931,2011-01-21,1.54873169545
932,2011-01-24,1.54562279815
933,2011-01-25,1.54728867706
934,2011-01-26,1.54641764539
935,2011-01-27,1.54922792134
936,2011-01-28,1.54254071358
937,2011-01-31,1.55181060973
938,2011-02-01,1.54835118016
939,2011-02-09,1.54514406547
940,2011-02-10,1.539494827
941,2011-02-11,1.53847616868
942,2011-02-14,1.54829206996
943,2011-02-15,1.53540933892
944,2011-02-16,1.54818912218
945,2011-02-17,1.54371787586
946,2011-02-18,1.53716341081
947,2011-02-21,1.52847013164
948,2011-02-22,1.52664325531
949,2011-02-23,1.51493526476
950,2011-02-24,1.50779548677
951,2011-02-25,1.49785242001
952,2011-02-28,1.49235471057
953,2011-03-01,1.48295919382
954,2011-03-02,1.46860367712
955,2011-03-03,1.45052923104
956,2011-03-04,1.44928542717
957,2011-03-07,1.44330284449
958,2011-03-08,1.45670240673
959,2011-03-09,1.45403517578
960,2011-03-10,1.46453673458
961,2011-03-11,1.45196758972
962,2011-03-14,1.44817721381
963,2011-03-15,1.44158975719
964,2011-03-16,1.45329033898
965,2011-03-17,1.4230044844
966,2011-03-18,1.42622314687
967,2011-03-21,1.42675371716
968,2011-03-22,1.42240136356
969,2011-03-23,1.42123256871
970,2011-03-24,1.42661461033
971,2011-03-25,1.4325693819
972,2011-03-28,1.42971394993
973,2011-03-29,1.44768121571
974,2011-03-30,1.4427416235
975,2011-03-31,1.43692159312
976,2011-04-01,1.43683793061
977,2011-04-06,1.43209022249
978,2011-04-07,1.4386080197
979,2011-04-08,1.43927381228
980,2011-04-11,1.4744603525
981,2011-04-12,1.53557318249
982,2011-04-13,1.50673565542
983,2011-04-14,1.5046462023
984,2011-04-15,1.49052699764
985,2011-04-18,1.51736000087
986,2011-04-19,1.52343539898
987,2011-04-20,1.4929218434
988,2011-04-21,1.52749310717
989,2011-04-22,1.52225025342
990,2011-04-25,1.4955656336
991,2011-04-26,1.47343101803
992,2011-04-27,1.47069927566
993,2011-04-28,1.45535925437
994,2011-04-29,1.46513077171
995,2011-05-03,1.50076400244
996,2011-05-04,1.48873119618
997,2011-05-05,1.52293161084
998,2011-05-06,1.50315415658
999,2011-05-09,1.49462229325
1000,2011-05-10,1.48637594949
1001,2011-05-11,1.47366948554
1002,2011-05-12,1.45535174555
1003,2011-05-13,1.44781615526
1004,2011-05-16,1.43262861012
1005,2011-05-17,1.42508419112
1006,2011-05-18,1.42809345908
1007,2011-05-19,1.42216342026
1008,2011-05-20,1.41023715107
1009,2011-05-23,1.38717836138
1010,2011-05-24,1.39692451965
1011,2011-05-25,1.38446762881
1012,2011-05-26,1.38052848408
1013,2011-05-27,1.378901256
1014,2011-05-30,1.37128364598
1015,2011-05-31,1.39013181675
1016,2011-06-01,1.39902361186
1017,2011-06-02,1.40162828701
1018,2011-06-03,1.41304176868
1019,2011-06-07,1.40732079167
1020,2011-06-08,1.42381212267
1021,2011-06-09,1.41848387204
1022,2011-06-10,1.43328079973
1023,2011-06-13,1.41875402601
1024,2011-06-14,1.40879885059
1025,2011-06-15,1.4140855733
1026,2011-06-16,1.40761666876
1027,2011-06-17,1.40617328579
1028,2011-06-20,1.4076659305
1029,2011-06-21,1.40549168226
1030,2011-06-22,1.418001372
1031,2011-06-23,1.41105325057
1032,2011-06-24,1.40682767719
1033,2011-06-27,1.40422809292
1034,2011-06-28,1.41885840448
1035,2011-06-29,1.4160323567
1036,2011-06-30,1.40287758519
1037,2011-07-01,1.41229584747
1038,2011-07-04,1.39332508412
1039,2011-07-05,1.39739348416
1040,2011-07-06,1.38776322777
1041,2011-07-07,1.38629892337
1042,2011-07-08,1.39135336359
1043,2011-07-11,1.38413290422
1044,2011-07-12,1.3698663806
1045,2011-07-13,1.36552143585
1046,2011-07-14,1.35648082126
1047,2011-07-15,1.33489408889
1048,2011-07-18,1.33972597546
1049,2011-07-19,1.33810416111
1050,2011-07-20,1.33144115236
1051,2011-07-21,1.32992339041
1052,2011-07-22,1.33065675897
1053,2011-07-25,1.31488044559
1054,2011-07-26,1.30125302501
1055,2011-07-27,1.30556953231
1056,2011-07-28,1.29681916091
1057,2011-07-29,1.29591617889
1058,2011-08-01,1.29887053168
1059,2011-08-02,1.29482758865
1060,2011-08-03,1.29805988655
1061,2011-08-04,1.30247175448
1062,2011-08-05,1.29657148164
1063,2011-08-08,1.28070107932
1064,2011-08-09,1.27308926138
1065,2011-08-10,1.28336667545
1066,2011-08-11,1.31243231581
1067,2011-08-12,1.3139285621
1068,2011-08-15,1.3065968761
1069,2011-08-16,1.30792312903
1070,2011-08-17,1.31642040455
1071,2011-08-18,1.31541365301
1072,2011-08-19,1.32305254391
1073,2011-08-22,1.32727404977
1074,2011-08-23,1.32721029252
1075,2011-08-24,1.3320129277
1076,2011-08-25,1.31435408889
1077,2011-08-26,1.3172130945
1078,2011-08-29,1.34909477031
1079,2011-08-30,1.33437927107
1080,2011-08-31,1.33830901918
1081,2011-09-01,1.33023917704
1082,2011-09-02,1.33269999951
1083,2011-09-05,1.33188581687
1084,2011-09-06,1.31122455403
1085,2011-09-07,1.32425442125
1086,2011-09-08,1.32105804125
1087,2011-09-09,1.32271110164
1088,2011-09-13,1.31279866642
1089,2011-09-14,1.308205204
1090,2011-09-15,1.3134280899
1091,2011-09-16,1.31473311515
1092,2011-09-19,1.31613498063
1093,2011-09-20,1.31566984653
1094,2011-09-21,1.30769098557
1095,2011-09-22,1.30846694413
1096,2011-09-23,1.30022471769
1097,2011-09-26,1.29857431617
1098,2011-09-27,1.29044353427
1099,2011-09-28,1.2843962683
1100,2011-09-29,1.27819178615
1101,2011-09-30,1.27965608975
1102,2011-10-10,1.28616555605
1103,2011-10-11,1.30472806125
1104,2011-10-12,1.30265347163
1105,2011-10-13,1.3021640239
1106,2011-10-14,1.30164722182
1107,2011-10-17,1.30220825439
1108,2011-10-18,1.31348915152
1109,2011-10-19,1.3211842809
1110,2011-10-20,1.33642245928
1111,2011-10-21,1.35707583364
1112,2011-10-24,1.35134059988
1113,2011-10-25,1.33274097344
1114,2011-10-26,1.32222321374
1115,2011-10-27,1.3244251044
1116,2011-10-28,1.31277753014
1117,2011-10-31,1.30057256384
1118,2011-11-01,1.30858360075
1119,2011-11-02,1.32291078555
1120,2011-11-03,1.30908351619
1121,2011-11-04,1.30380566439
1122,2011-11-07,1.30546651062
1123,2011-11-08,1.30926013874
1124,2011-11-09,1.30847896362
1125,2011-11-10,1.30151513447
1126,2011-11-11,1.3016627519
1127,2011-11-14,1.30041331536
1128,2011-11-15,1.31112437377
1129,2011-11-16,1.32332349897
1130,2011-11-17,1.32178319124
1131,2011-11-18,1.32600746933
1132,2011-11-21,1.33157356114
1133,2011-11-22,1.34112101732
1134,2011-11-23,1.34461779673
1135,2011-11-24,1.33983114294
1136,2011-11-25,1.34226398718
1137,2011-11-28,1.33628581605
1138,2011-11-29,1.32943848836
1139,2011-11-30,1.32218189619
1140,2011-12-01,1.33394356618
1141,2011-12-02,1.32330129115
1142,2011-12-05,1.3142722694
1143,2011-12-06,1.29566463128
1144,2011-12-07,1.28836569197
1145,2011-12-08,1.28357884114
1146,2011-12-09,1.27353211002
1147,2011-12-12,1.26384332423
1148,2011-12-13,1.27042723129
1149,2011-12-14,1.26655522888
1150,2011-12-15,1.2741512934
1151,2011-12-16,1.2685050922
1152,2011-12-19,1.28217072134
1153,2011-12-20,1.28028889189
1154,2011-12-21,1.28468307593
1155,2011-12-22,1.2669210422
1156,2011-12-23,1.25542922498
1157,2011-12-26,1.26645140829
1158,2011-12-27,1.25120654555
1159,2011-12-28,1.23903800477
1160,2011-12-29,1.2452445458
1161,2011-12-30,1.24836392958
1162,2012-01-04,1.25511043136
1163,2012-01-05,1.27945981887
1164,2012-01-06,1.27183755372
1165,2012-01-09,1.26229515059
1166,2012-01-10,1.24016540787
1167,2012-01-11,1.23643255902
1168,2012-01-12,1.24359230116
1169,2012-01-13,1.25262569845
1170,2012-01-16,1.2725075342
1171,2012-01-17,1.24883762271
1172,2012-01-18,1.25601295044
1173,2012-01-19,1.25659399591
1174,2012-01-20,1.26583488637
1175,2012-01-30,1.25926899915
1176,2012-01-31,1.26121748795
1177,2012-02-01,1.24770768837
1178,2012-02-02,1.2585677094
1179,2012-02-03,1.26055405722
1180,2012-02-06,1.25413486488
1181,2012-02-07,1.25068126251
1182,2012-02-08,1.26731733816
1183,2012-02-09,1.26385916943
1184,2012-02-10,1.27300213428
1185,2012-02-13,1.25727671012
1186,2012-02-14,1.25042849832
1187,2012-02-15,1.25545177361
1188,2012-02-16,1.25054071401
1189,2012-02-17,1.25005457159
1190,2012-02-20,1.25129783461
1191,2012-02-21,1.25188354801
1192,2012-02-22,1.24667379017
1193,2012-02-23,1.25370850665
1194,2012-02-24,1.25754081905
1195,2012-02-27,1.25876037779
1196,2012-02-28,1.26710892786
1197,2012-02-29,1.26005590397
1198,2012-03-01,1.29632188342
1199,2012-03-02,1.3044495225
1200,2012-03-05,1.33037840984
1201,2012-03-06,1.3455161519
1202,2012-03-07,1.34345299823
1203,2012-03-08,1.34841371044
1204,2012-03-09,1.34582536078
1205,2012-03-12,1.34525342548
1206,2012-03-13,1.34453261814
1207,2012-03-14,1.30236674406
1208,2012-03-15,1.28159048986
1209,2012-03-16,1.29762146893
1210,2012-03-19,1.30587740986
1211,2012-03-20,1.29947816843
1212,2012-03-21,1.30700515328
1213,2012-03-22,1.305440299
1214,2012-03-23,1.29606844299
1215,2012-03-26,1.29510521182
1216,2012-03-27,1.29442527075
1217,2012-03-28,1.26012955372
1218,2012-03-29,1.25485930354
1219,2012-03-30,1.24529140945
1220,2012-04-05,1.25550522022
1221,2012-04-06,1.2597784023
1222,2012-04-09,1.24991346784
1223,2012-04-10,1.25134458079
1224,2012-04-11,1.25325239555
1225,2012-04-12,1.26699297368
1226,2012-04-13,1.28452783323
1227,2012-04-16,1.29158370986
1228,2012-04-17,1.27797332184
1229,2012-04-18,1.27712483846
1230,2012-04-19,1.27670359135
1231,2012-04-20,1.28365860364
1232,2012-04-23,1.2930780916
1233,2012-04-24,1.29467482284
1234,2012-04-25,1.3021396516
1235,2012-04-26,1.30107983696
1236,2012-04-27,1.29635047721
1237,2012-05-02,1.28172673903
1238,2012-05-03,1.26056812509
1239,2012-05-04,1.24947135709
1240,2012-05-07,1.24279175512
1241,2012-05-08,1.24925229782
1242,2012-05-09,1.24998238052
1243,2012-05-10,1.24685056212
1244,2012-05-11,1.24965066338
1245,2012-05-14,1.26205250408
1246,2012-05-15,1.27369496744
1247,2012-05-16,1.26914107384
1248,2012-05-17,1.26576997372
1249,2012-05-18,1.26591076432
1250,2012-05-21,1.26462544055
1251,2012-05-22,1.27504938601
1252,2012-05-23,1.28116298631
1253,2012-05-24,1.28722955484
1254,2012-05-25,1.28871352827
1255,2012-05-28,1.29287634625
1256,2012-05-29,1.28260351088
1257,2012-05-30,1.30660653335
1258,2012-05-31,1.31164147555
1259,2012-06-01,1.32417433549
1260,2012-06-04,1.34593823958
1261,2012-06-05,1.34564370567
1262,2012-06-06,1.35885785347
1263,2012-06-07,1.36430104446
1264,2012-06-08,1.35009630784
1265,2012-06-11,1.37386734818
1266,2012-06-12,1.39358910067
1267,2012-06-13,1.38125734317
1268,2012-06-14,1.37368854509
1269,2012-06-15,1.36630453164
1270,2012-06-18,1.36902853895
1271,2012-06-19,1.36517760679
1272,2012-06-20,1.34945920648
1273,2012-06-21,1.36305368743
1274,2012-06-25,1.35533093183
1275,2012-06-26,1.35565071121
1276,2012-06-27,1.34801837019
1277,2012-06-28,1.34507784888
1278,2012-06-29,1.35441040421
1279,2012-07-02,1.3840300801
1280,2012-07-03,1.37086077689
1281,2012-07-04,1.36337109808
1282,2012-07-05,1.38070195194
1283,2012-07-06,1.39485104739
1284,2012-07-09,1.42549179073
1285,2012-07-10,1.39779578043
1286,2012-07-11,1.43001105689
1287,2012-07-12,1.42232557691
1288,2012-07-13,1.43656099674
1289,2012-07-16,1.45052453007
1290,2012-07-17,1.41793043628
1291,2012-07-18,1.40435776175
1292,2012-07-19,1.40816463482
1293,2012-07-20,1.42246030752
1294,2012-07-23,1.43699901786
1295,2012-07-24,1.4431573539
1296,2012-07-25,1.45071879542
1297,2012-07-26,1.44580942739
1298,2012-07-27,1.42300059158
1299,2012-07-30,1.43541898453
1300,2012-07-31,1.43146861954
1301,2012-08-01,1.41444899413
1302,2012-08-02,1.43078056537
1303,2012-08-03,1.42272357529
1304,2012-08-06,1.40331752639
1305,2012-08-07,1.39596534532
1306,2012-08-08,1.40460474138
1307,2012-08-09,1.39973487816
1308,2012-08-10,1.4000288161
1309,2012-08-13,1.41447282758
1310,2012-08-14,1.41221898628
1311,2012-08-15,1.4063788389
1312,2012-08-16,1.40703118015
1313,2012-08-17,1.40613182157
1314,2012-08-20,1.40990512862
1315,2012-08-21,1.39889056231
1316,2012-08-22,1.40695820912
1317,2012-08-23,1.39911556283
1318,2012-08-24,1.41568882508
1319,2012-08-27,1.43356711764
1320,2012-08-28,1.43817610103
1321,2012-08-29,1.44160512727
1322,2012-08-30,1.45620522844
1323,2012-08-31,1.45106652776
1324,2012-09-03,1.44067061556
1325,2012-09-04,1.47189908231
1326,2012-09-05,1.49068947398
1327,2012-09-06,1.48802310082
1328,2012-09-07,1.48226936521
1329,2012-09-10,1.48568465859
1330,2012-09-11,1.47912892936
1331,2012-09-12,1.48674348977
1332,2012-09-13,1.47016325486
1333,2012-09-14,1.46964594982
1334,2012-09-17,1.47033047644
1335,2012-09-18,1.47915999457
1336,2012-09-19,1.48567386344
1337,2012-09-20,1.47009876313
1338,2012-09-21,1.47021496858
1339,2012-09-24,1.457710726
1340,2012-09-25,1.44916123542
1341,2012-09-26,1.42969177453
1342,2012-09-27,1.41737236845
1343,2012-09-28,1.41653268942
1344,2012-10-08,1.4036596232
1345,2012-10-09,1.38800509301
1346,2012-10-10,1.37711868289
1347,2012-10-11,1.37997189355
1348,2012-10-12,1.36571780951
1349,2012-10-15,1.33391381766
1350,2012-10-16,1.33281375662
1351,2012-10-17,1.34453784806
1352,2012-10-18,1.33862680212
1353,2012-10-19,1.33011868025
1354,2012-10-22,1.31074105852
1355,2012-10-23,1.3170169872
1356,2012-10-24,1.30310502896
1357,2012-10-25,1.29026787795
1358,2012-10-26,1.26352778779
1359,2012-10-29,1.26128078008
1360,2012-10-30,1.27106893689
1361,2012-10-31,1.27336651186
1362,2012-11-01,1.27746530723
1363,2012-11-02,1.27915792227
1364,2012-11-05,1.27795390569
1365,2012-11-06,1.2767403786
1366,2012-11-07,1.27756327746
1367,2012-11-08,1.27424174136
1368,2012-11-09,1.28024310016
1369,2012-11-12,1.28333679824
1370,2012-11-13,1.2830513666
1371,2012-11-14,1.27935310017
1372,2012-11-15,1.28285711294
1373,2012-11-16,1.284308611
1374,2012-11-19,1.28862525309
1375,2012-11-20,1.2918410164
1376,2012-11-21,1.29311643353
1377,2012-11-22,1.28855794256
1378,2012-11-23,1.28377770465
1379,2012-11-26,1.28830998945
1380,2012-11-27,1.29219609042
1381,2012-11-28,1.28475608653
1382,2012-11-29,1.30879016941
1383,2012-11-30,1.30659867834
1384,2012-12-03,1.32117046513
1385,2012-12-04,1.32141190454
1386,2012-12-05,1.32102873084
1387,2012-12-06,1.33234860246
1388,2012-12-07,1.33142385006
1389,2012-12-10,1.33110322091
1390,2012-12-11,1.32910210418
1391,2012-12-12,1.33249538755
1392,2012-12-13,1.33558594384
1393,2012-12-14,1.35318841943
1394,2012-12-17,1.34648371752
1395,2012-12-18,1.34362402871
1396,2012-12-19,1.33986109317
1397,2012-12-20,1.33474221605
1398,2012-12-21,1.32700312572
1399,2012-12-24,1.33623544309
1400,2012-12-25,1.35742263391
1401,2012-12-26,1.34992235306
1402,2012-12-27,1.34742474179
1403,2012-12-28,1.3491959868
1404,2012-12-31,1.36202678797
1405,2013-01-04,1.36815866611
1406,2013-01-07,1.37839969606
1407,2013-01-08,1.36497073953
1408,2013-01-09,1.35744203086
1409,2013-01-10,1.35097543684
1410,2013-01-11,1.35235705901
1411,2013-01-14,1.36768826076
1412,2013-01-15,1.35951648465
1413,2013-01-16,1.35183241447
1414,2013-01-17,1.3554581886
1415,2013-01-18,1.36550470258
1416,2013-01-21,1.39912061628
1417,2013-01-22,1.43885370402
1418,2013-01-23,1.45137709104
1419,2013-01-24,1.46628830414
1420,2013-01-25,1.46461629597
1421,2013-01-28,1.49523271705
1422,2013-01-29,1.50327509026
1423,2013-01-30,1.50125693024
1424,2013-01-31,1.49358660148
1425,2013-02-01,1.47786413592
1426,2013-02-04,1.45323834499
1427,2013-02-05,1.45904474644
1428,2013-02-06,1.47921801036
1429,2013-02-07,1.50848253562
1430,2013-02-08,1.5259696517
1431,2013-02-18,1.54098459824
1432,2013-02-19,1.53822346534
1433,2013-02-20,1.583796229
1434,2013-02-21,1.58992749791
1435,2013-02-22,1.56404409579
1436,2013-02-25,1.5797169812
1437,2013-02-26,1.61500884803
1438,2013-02-27,1.58216923543
1439,2013-02-28,1.56288924173
1440,2013-03-01,1.5832832416
1441,2013-03-04,1.63473975456
1442,2013-03-05,1.65293677361
1443,2013-03-06,1.67256237726
1444,2013-03-07,1.62844366132
1445,2013-03-08,1.60936388249
1446,2013-03-11,1.61776586206
1447,2013-03-12,1.59097478489
1448,2013-03-13,1.60071974344
1449,2013-03-14,1.64044218724
1450,2013-03-15,1.66391417081
1451,2013-03-18,1.68363226824
1452,2013-03-19,1.65562424755
1453,2013-03-20,1.64831824975
1454,2013-03-21,1.6750662137
1455,2013-03-22,1.6775876336
1456,2013-03-25,1.64075485879
1457,2013-03-26,1.64950213482
1458,2013-03-27,1.68167305562
1459,2013-03-28,1.689417413
1460,2013-03-29,1.66321985473
1461,2013-04-01,1.66531805883
1462,2013-04-02,1.5906589147
1463,2013-04-03,1.57951020998
1464,2013-04-08,1.62391645997
1465,2013-04-09,1.60002657928
1466,2013-04-10,1.60915772805
1467,2013-04-11,1.60115857057
1468,2013-04-12,1.60844232622
1469,2013-04-15,1.62554726363
1470,2013-04-16,1.63472329452
1471,2013-04-17,1.67506818676
1472,2013-04-18,1.70228748425
1473,2013-04-19,1.70193746459
1474,2013-04-22,1.72760658063
1475,2013-04-23,1.75542324663
1476,2013-04-24,1.74130473637
1477,2013-04-25,1.73033455339
1478,2013-04-26,1.67301048576
1479,2013-05-02,1.68413974946
1480,2013-05-03,1.68144321745
1481,2013-05-06,1.69711852288
1482,2013-05-07,1.6873693481
1483,2013-05-08,1.68470718675
1484,2013-05-09,1.68848114223
1485,2013-05-10,1.69601158498
1486,2013-05-13,1.71855847953
1487,2013-05-14,1.72256442384
1488,2013-05-15,1.72326931957
1489,2013-05-16,1.71731590917
1490,2013-05-17,1.72593527887
1491,2013-05-20,1.71306035953
1492,2013-05-21,1.75438765962
1493,2013-05-22,1.73971877019
1494,2013-05-23,1.76781270458
1495,2013-05-24,1.77554442671
1496,2013-05-27,1.78330422069
1497,2013-05-28,1.75970527845
1498,2013-05-29,1.75150440786
1499,2013-05-30,1.76598080575
1500,2013-05-31,1.79397195887
1501,2013-06-03,1.77845823033
1502,2013-06-04,1.76402661943
1503,2013-06-05,1.79824410205
1504,2013-06-06,1.76734272398
1505,2013-06-07,1.74951581694
1506,2013-06-13,1.78080230771
1507,2013-06-14,1.84076594208
1508,2013-06-17,1.86211054979
1509,2013-06-18,1.851102131
1510,2013-06-19,1.85884368831
1511,2013-06-20,1.83444053844
1512,2013-06-21,1.8376229227
1513,2013-06-24,1.81314811104
1514,2013-06-25,1.84083737377
1515,2013-06-26,1.9198259757
1516,2013-06-27,1.88117694522
1517,2013-06-28,1.87427317395
1518,2013-07-01,1.94944733558
1519,2013-07-02,1.99299881547
1520,2013-07-03,2.03604748888
1521,2013-07-04,1.99154413845
1522,2013-07-05,1.96604936372
1523,2013-07-08,1.98521694574
1524,2013-07-09,2.02109939875
1525,2013-07-10,2.01568696776
1526,2013-07-11,1.99699980988
1527,2013-07-12,2.02645003328
1528,2013-07-15,2.0591707384
1529,2013-07-16,2.04227293042
1530,2013-07-17,2.08055029444
1531,2013-07-18,2.1451037834
1532,2013-07-19,2.14743327291
1533,2013-07-22,2.19486168601
1534,2013-07-23,2.1881397804
1535,2013-07-24,2.24548607261
1536,2013-07-25,2.16144828694
1537,2013-07-26,2.16773832034
1538,2013-07-29,2.16462483998
1539,2013-07-30,2.11815675024
1540,2013-07-31,2.14288528144
1541,2013-08-01,2.22167246212
1542,2013-08-02,2.23339477891
1543,2013-08-05,2.2352501546
1544,2013-08-06,2.25824477134
1545,2013-08-07,2.200653657
1546,2013-08-08,2.21252239785
1547,2013-08-09,2.16928921156
1548,2013-08-12,2.09179559535
1549,2013-08-13,2.11380199728
1550,2013-08-14,2.15920688018
1551,2013-08-15,2.17734471671
1552,2013-08-16,2.13124862341
1553,2013-08-19,2.16125008646
1554,2013-08-20,2.224129763
1555,2013-08-21,2.22273419333
1556,2013-08-22,2.24032467413
1557,2013-08-23,2.28633382527
1558,2013-08-26,2.29172875421
1559,2013-08-27,2.29598340946
1560,2013-08-28,2.25254182612
1561,2013-08-29,2.24186638946
1562,2013-08-30,2.10573124878
1563,2013-09-02,1.98568304556
1564,2013-09-03,1.96152818736
1565,2013-09-04,1.97034175903
1566,2013-09-05,1.96403843999
1567,2013-09-06,2.04154829542
1568,2013-09-09,2.08891017647
1569,2013-09-10,2.22140264017
1570,2013-09-11,2.22065524342
1571,2013-09-12,2.22848063936
1572,2013-09-13,2.20644272161
1573,2013-09-16,2.16827933911
1574,2013-09-17,2.10314272474
1575,2013-09-18,2.11906309836
1576,2013-09-23,2.12140400544
1577,2013-09-24,2.12493353251
1578,2013-09-25,2.10312914843
1579,2013-09-26,2.04641842997
1580,2013-09-27,2.03427974719
1581,2013-09-30,2.03295918367
1582,2013-10-08,2.03727803813
1583,2013-10-09,2.0805350964
1584,2013-10-10,2.08035373719
1585,2013-10-11,2.06096640125
1586,2013-10-14,2.10040265969
1587,2013-10-15,2.15631321505
1588,2013-10-16,2.1460557107
1589,2013-10-17,2.10330452373
1590,2013-10-18,2.14836131121
1591,2013-10-21,2.18496743043
1592,2013-10-22,2.1262419105
1593,2013-10-23,2.05540421493
1594,2013-10-24,2.04571857942
1595,2013-10-25,1.99473187599
1596,2013-10-28,1.98435993023
1597,2013-10-29,1.92255971798
1598,2013-10-30,1.90825817565
1599,2013-10-31,1.89457842043
1600,2013-11-01,1.86959497882
1601,2013-11-04,1.87474184017
1602,2013-11-05,1.86577692935
1603,2013-11-06,1.87750281429
1604,2013-11-07,1.89106985023
1605,2013-11-08,1.90389503757
1606,2013-11-11,1.90666743618
1607,2013-11-12,1.90676459414
1608,2013-11-13,1.88569065077
1609,2013-11-14,1.88270093276
1610,2013-11-15,1.86870357287
1611,2013-11-18,1.84012883863
1612,2013-11-19,1.83984372666
1613,2013-11-20,1.854996489
1614,2013-11-21,1.86054247247
1615,2013-11-22,1.86676263264
1616,2013-11-25,1.88005923054
1617,2013-11-26,1.87758348505
1618,2013-11-27,1.85860552858
1619,2013-11-28,1.85355900558
1620,2013-11-29,1.84369489626
1621,2013-12-02,1.77800460113
1622,2013-12-03,1.78875717799
1623,2013-12-04,1.79478430284
1624,2013-12-05,1.7899184695
1625,2013-12-06,1.76936568146
1626,2013-12-09,1.78818391143
1627,2013-12-10,1.78641125059
1628,2013-12-11,1.79129435452
1629,2013-12-12,1.80646654423
1630,2013-12-13,1.80953527499
1631,2013-12-16,1.80863145221
1632,2013-12-17,1.79739902993
1633,2013-12-18,1.77855101131
1634,2013-12-19,1.78809597962
1635,2013-12-20,1.82160751693
1636,2013-12-23,1.81669670713
1637,2013-12-24,1.82368381984
1638,2013-12-25,1.82333443814
1639,2013-12-26,1.83492764228
1640,2013-12-27,1.84379239713
1641,2013-12-30,1.84075510068
1642,2013-12-31,1.82284568898
1643,2014-01-02,1.86003172737
1644,2014-01-03,1.85594294286
1645,2014-01-06,1.87465917207
1646,2014-01-07,1.87478431362
1647,2014-01-08,1.89202295425
1648,2014-01-09,1.90712516695
1649,2014-01-10,1.90674502884
1650,2014-01-13,1.88674969296
1651,2014-01-14,1.89054858132
1652,2014-01-15,1.91567669374
1653,2014-01-16,1.89963359253
1654,2014-01-17,1.90541570883
1655,2014-01-20,1.89321928731
1656,2014-01-21,1.87144467679
1657,2014-01-22,1.86045375495
1658,2014-01-23,1.87397790758
1659,2014-01-24,1.88494569697
1660,2014-01-27,1.89711007088
1661,2014-01-28,1.90513884087
1662,2014-01-29,1.91244729172
1663,2014-01-30,1.93703811585
1664,2014-02-07,2.01045148322
1665,2014-02-10,1.99372234329
1666,2014-02-11,1.93306663771
1667,2014-02-12,1.95610989152
1668,2014-02-13,1.88263615658
1669,2014-02-14,1.89969662759
1670,2014-02-17,1.91799174824
1671,2014-02-18,1.95072556639
1672,2014-02-19,1.90594690973
1673,2014-02-20,1.93556528068
1674,2014-02-21,1.95818041454
1675,2014-02-24,2.03871030872
1676,2014-02-25,2.03036966398
1677,2014-02-26,2.03375687734
1678,2014-02-27,2.02990204117
1679,2014-02-28,2.0137622506
1680,2014-03-03,2.02900534737
1681,2014-03-04,2.04087816638
1682,2014-03-05,2.0768488849
1683,2014-03-06,2.08339325697
1684,2014-03-07,2.06892113964
1685,2014-03-10,2.08454199488
1686,2014-03-11,2.0780058082
1687,2014-03-12,2.03681939827
1688,2014-03-13,2.0263097005
1689,2014-03-14,2.0448690273
1690,2014-03-17,2.04688368971
1691,2014-03-18,2.05743399662
1692,2014-03-19,2.06651310745
1693,2014-03-20,2.05804671099
1694,2014-03-21,2.04372922223
1695,2014-03-24,2.04584355419
1696,2014-03-25,2.04240640873
1697,2014-03-26,2.05954818191
1698,2014-03-27,2.05331491451
1699,2014-03-28,2.06554227933
1700,2014-03-31,2.04932163913
1701,2014-04-01,2.07560146487
1702,2014-04-02,2.14417840584
1703,2014-04-03,2.10716188258
1704,2014-04-04,2.11179340358
1705,2014-04-08,2.07819808641
1706,2014-04-09,2.06159475217
1707,2014-04-10,2.02512787066
1708,2014-04-11,2.00638064715
1709,2014-04-14,2.0006418945
1710,2014-04-15,2.00272497135
1711,2014-04-16,2.01316071758
1712,2014-04-17,2.01770852299
1713,2014-04-18,2.02135205113
1714,2014-04-21,2.01730246383
1715,2014-04-22,2.01495966124
1716,2014-04-23,2.01550286875
1717,2014-04-24,2.04306219412
1718,2014-04-25,2.05526388602
1719,2014-04-28,2.095070918
1720,2014-04-29,2.07450327859
1721,2014-04-30,2.07811471102
1722,2014-05-05,2.08202580335
1723,2014-05-06,2.05912237324
1724,2014-05-07,2.09824971081
1725,2014-05-08,2.08329578495
1726,2014-05-09,2.08573398496
1727,2014-05-12,2.07550209912
1728,2014-05-13,2.07278408632
1729,2014-05-14,2.0789433196
1730,2014-05-15,2.08517699418
1731,2014-05-16,2.07622715476
1732,2014-05-19,2.05803239907
1733,2014-05-20,2.05715480519
1734,2014-05-21,2.05704737395
1735,2014-05-22,2.05972189085
1736,2014-05-23,2.07020997132
1737,2014-05-26,2.06561183783
1738,2014-05-27,2.0568116883
1739,2014-05-28,2.05715136899
1740,2014-05-29,2.07448375663
1741,2014-05-30,2.07241749862
1742,2014-06-03,2.04255354423
1743,2014-06-04,2.06898699495
1744,2014-06-05,2.05842010203
1745,2014-06-06,2.04756907747
1746,2014-06-09,2.02385894079
1747,2014-06-10,2.07553466817
1748,2014-06-11,2.0581647179
1749,2014-06-12,2.07712771839
1750,2014-06-13,2.10274616428
1751,2014-06-16,2.12339411501
1752,2014-06-17,2.18869793764
1753,2014-06-18,2.16488897449
1754,2014-06-19,2.08197423803
1755,2014-06-20,2.08731272787
1756,2014-06-23,2.08160717688
1757,2014-06-24,2.09527529439
1758,2014-06-25,2.05440041454
1759,2014-06-26,2.09827163503
1760,2014-06-27,2.10825169688
1761,2014-06-30,2.10208938989
1762,2014-07-01,2.11257531018
1763,2014-07-02,2.15546245776
1764,2014-07-03,2.13513696597
1765,2014-07-04,2.15436979186
1766,2014-07-07,2.23580662809
1767,2014-07-08,2.27177535729
1768,2014-07-09,2.2969071751
1769,2014-07-10,2.29441047716
1770,2014-07-11,2.34302540466
1771,2014-07-14,2.35536484567
1772,2014-07-15,2.35305069983
1773,2014-07-16,2.26360770348
1774,2014-07-17,2.18241354963
1775,2014-07-18,2.13583953914
1776,2014-07-21,2.19344419099
1777,2014-07-22,2.21387336592
1778,2014-07-23,2.21908874406
1779,2014-07-24,2.16043037075
1780,2014-07-25,2.14406025445
1781,2014-07-28,2.18597864691
1782,2014-07-29,2.25170605504
1783,2014-07-30,2.27599222832
1784,2014-07-31,2.28894817502
1785,2014-08-01,2.27076046839
1786,2014-08-04,2.29383734252
1787,2014-08-05,2.3397699684
1788,2014-08-06,2.36279426991
1789,2014-08-07,2.36523312426
1790,2014-08-08,2.34087457639
1791,2014-08-11,2.33398760711
1792,2014-08-12,2.32302062578
1793,2014-08-13,2.3442668246
1794,2014-08-14,2.34060233714
1795,2014-08-15,2.3382371652
1796,2014-08-18,2.34225592763
1797,2014-08-19,2.36780024623
1798,2014-08-20,2.37030123393
1799,2014-08-21,2.36132800304
1800,2014-08-22,2.36850427005
1801,2014-08-25,2.3701388409
1802,2014-08-26,2.32930281976
1803,2014-08-27,2.31249245859
1804,2014-08-28,2.31808695789
1805,2014-08-29,2.30941646101
1806,2014-09-01,2.34716846363
1807,2014-09-02,2.34718547686
1808,2014-09-03,2.33504202073
1809,2014-09-04,2.34152899444
1810,2014-09-05,2.32297024707
1811,2014-09-09,2.34359098247
1812,2014-09-10,2.36855720779
1813,2014-09-11,2.36707128782
1814,2014-09-12,2.38835211757
1815,2014-09-15,2.40459627738
1816,2014-09-16,2.38744896471
1817,2014-09-17,2.41036835849
1818,2014-09-18,2.42976531095
1819,2014-09-19,2.42473531261
1820,2014-09-22,2.43202502314
1821,2014-09-23,2.45051022588
1822,2014-09-24,2.43063705536
1823,2014-09-25,2.40814708392
1824,2014-09-26,2.40518836326
1825,2014-09-29,2.42053911829
1826,2014-09-30,2.41961609529
1827,2014-10-08,2.42609487978
1828,2014-10-09,2.42723844682
1829,2014-10-10,2.42491106064
1830,2014-10-13,2.45548045337
1831,2014-10-14,2.47889604404
1832,2014-10-15,2.4679763944
1833,2014-10-16,2.44635345571
1834,2014-10-17,2.39726663675
1835,2014-10-20,2.41712771164
1836,2014-10-21,2.40105026122
1837,2014-10-22,2.40287150208
1838,2014-10-23,2.36621377487
1839,2014-10-24,2.36192404597
1840,2014-10-27,2.37070931586
1841,2014-10-28,2.40056065246
1842,2014-10-29,2.46261231162
1843,2014-10-30,2.47034846923
1844,2014-10-31,2.44296720181
1845,2014-11-03,2.53327030704
1846,2014-11-04,2.59953344755
1847,2014-11-05,2.57524826195
1848,2014-11-06,2.55673829585
1849,2014-11-07,2.54244961718
1850,2014-11-10,2.60587611814
1851,2014-11-11,2.6516841673
1852,2014-11-12,2.62812363432
1853,2014-11-13,2.66361791588
1854,2014-11-14,2.64415886713
1855,2014-11-17,2.60148207727
1856,2014-11-18,2.5725250393
1857,2014-11-19,2.57241135903
1858,2014-11-20,2.56149369513
1859,2014-11-21,2.5553393281
1860,2014-11-24,2.55449866288
1861,2014-11-25,2.55423783392
1862,2014-11-26,2.53249173513
1863,2014-11-27,2.54355312788
1864,2014-11-28,2.65877039484
1865,2014-12-01,2.69844671153
1866,2014-12-02,2.80910746155
1867,2014-12-03,2.7591303733
1868,2014-12-04,2.82204726075
1869,2014-12-05,2.94512281122
1870,2014-12-08,2.99295366929
1871,2014-12-09,2.9607147593
1872,2014-12-10,2.96007059152
1873,2014-12-11,2.86738382931
1874,2014-12-12,2.86026110138
1875,2014-12-15,2.86076013915
1876,2014-12-16,2.96908186692
1877,2014-12-17,3.12220752927
1878,2014-12-18,3.08244361838
1879,2014-12-19,3.13645123391
1880,2014-12-22,3.25351988092
1881,2014-12-23,3.22810043319
1882,2014-12-24,3.098776295
1883,2014-12-25,3.16839586472
1884,2014-12-26,3.23179516743
1885,2014-12-29,3.26669511232
1886,2014-12-30,3.3664796783
1887,2014-12-31,3.39069827844
1888,2015-01-05,3.36652455265
1889,2015-01-06,3.3133204553
1890,2015-01-07,3.27850190411
1891,2015-01-08,3.1871562273
1892,2015-01-09,3.24211279643
1893,2015-01-12,3.22194533404
1894,2015-01-13,3.18092324035
1895,2015-01-14,3.24865440386
1896,2015-01-15,3.32831791983
1897,2015-01-16,3.33494139477
1898,2015-01-19,3.15978241777
1899,2015-01-20,3.07894938091
1900,2015-01-21,3.18517381399
1901,2015-01-22,3.14538589234
1902,2015-01-23,3.17711597273
1903,2015-01-26,3.1018159479
1904,2015-01-27,3.04164831587
1905,2015-01-28,3.02325342539
1906,2015-01-29,2.97506281038
1907,2015-01-30,2.98282066858
1908,2015-02-02,2.92797682511
1909,2015-02-03,2.8855935706
1910,2015-02-04,2.87617813969
1911,2015-02-05,2.95451205594
1912,2015-02-06,2.97688268518
1913,2015-02-09,2.93012221448
1914,2015-02-10,2.90674149682
1915,2015-02-11,2.90954847243
1916,2015-02-12,2.93877374726
1917,2015-02-13,3.0002223219
1918,2015-02-16,3.0657447001
1919,2015-02-17,3.09778984492
1920,2015-02-25,3.1225039957
1921,2015-02-26,3.07428158774
1922,2015-02-27,3.14112659668
1923,2015-03-02,3.18462234074
1924,2015-03-03,3.20011000559
1925,2015-03-04,3.24836253054
1926,2015-03-05,3.30072017388
1927,2015-03-06,3.19091978635
1928,2015-03-09,3.22613893439
1929,2015-03-10,3.25027815443
1930,2015-03-11,3.26213519997
1931,2015-03-12,3.2118704505
1932,2015-03-13,3.24574906493
1933,2015-03-16,3.30162696457
1934,2015-03-17,3.24552555976
1935,2015-03-18,3.26671415239
1936,2015-03-19,3.26445453891
1937,2015-03-20,3.31273655835
1938,2015-03-23,3.39379319351
1939,2015-03-24,3.41562486156
1940,2015-03-25,3.43751142125
1941,2015-03-26,3.24804220891
1942,2015-03-27,3.24955690321
1943,2015-03-30,3.12965737841
1944,2015-03-31,3.17608150316
1945,2015-04-01,3.20280239322
1946,2015-04-02,3.29546700061
1947,2015-04-03,3.34209706704
1948,2015-04-07,3.44328861315
1949,2015-04-08,3.46598640657
1950,2015-04-09,3.41546599363
1951,2015-04-10,3.39593261511
1952,2015-04-13,3.38373121915
1953,2015-04-14,3.39368169842
1954,2015-04-15,3.25647227987
1955,2015-04-16,3.17992800764
1956,2015-04-17,3.17264619707
1957,2015-04-20,3.15395219205
1958,2015-04-21,3.19228700724
1959,2015-04-22,3.21768742862
1960,2015-04-23,3.23952965464
1961,2015-04-24,3.3056245448
1962,2015-04-27,3.22185065967
1963,2015-04-28,3.09360702283
1964,2015-04-29,3.13242184773
1965,2015-04-30,3.15340724141
1966,2015-05-04,3.19646444031
1967,2015-05-05,3.09953901004
1968,2015-05-06,3.01296993875
1969,2015-05-07,2.89617406958
1970,2015-05-08,2.93614456745
1971,2015-05-11,2.95497374621
1972,2015-05-12,2.96119611096
1973,2015-05-13,2.94327704303
1974,2015-05-14,2.90005440221
1975,2015-05-15,2.88309994344
1976,2015-05-18,2.85533290686
1977,2015-05-19,2.8572601432
1978,2015-05-20,2.85944368287
1979,2015-05-21,2.81663562917
1980,2015-05-22,2.86525509164
1981,2015-05-25,2.91853315893
1982,2015-05-26,2.88533234934
1983,2015-05-27,2.91318055685
1984,2015-05-28,2.85880091996
1985,2015-05-29,2.84356093989
1986,2015-06-01,2.82916575768
1987,2015-06-02,2.83365837224
1988,2015-06-03,2.8013126157
1989,2015-06-04,2.7298780582
1990,2015-06-05,2.72756689904
1991,2015-06-08,2.60716374011
1992,2015-06-09,2.6632727152
1993,2015-06-10,2.70148348143
1994,2015-06-11,2.77843835965
1995,2015-06-12,2.74455492313
1996,2015-06-15,2.74065673075
1997,2015-06-16,2.65014156305
1998,2015-06-17,2.6244910497
1999,2015-06-18,2.61731547705
2000,2015-06-19,2.60143369035
2001,2015-06-23,2.53820023337
2002,2015-06-24,2.55161314731
2003,2015-06-25,2.50720912706
2004,2015-06-26,2.48427589734
2005,2015-06-29,2.40781575794
2006,2015-06-30,2.38946562701
2007,2015-07-01,2.43504973116
2008,2015-07-02,2.58403236852
2009,2015-07-03,2.60993155567
2010,2015-07-06,2.74529128064
2011,2015-07-07,2.9546964962
2012,2015-07-08,3.00139873301
2013,2015-07-09,2.95795693328
2014,2015-07-10,2.84912525805
2015,2015-07-13,2.68774794706
2016,2015-07-14,2.69779531632
2017,2015-07-15,2.82936845597
2018,2015-07-16,2.76150069661
2019,2015-07-17,2.66417459477
2020,2015-07-20,2.63201700664
2021,2015-07-21,2.58425726046
2022,2015-07-22,2.55635894355
2023,2015-07-23,2.53194310868
2024,2015-07-24,2.53810167059
2025,2015-07-27,2.56752057933
2026,2015-07-28,2.61721726057
2027,2015-07-29,2.5349041714
2028,2015-07-30,2.55945257353
2029,2015-07-31,2.56135735895
2030,2015-08-03,2.61987877689
2031,2015-08-04,2.6207010025
2032,2015-08-05,2.6112805172
2033,2015-08-06,2.59285093932
2034,2015-08-07,2.58927955964
2035,2015-08-10,2.56110493178
2036,2015-08-11,2.54736602218
2037,2015-08-12,2.53579767932
2038,2015-08-13,2.50709135423
2039,2015-08-14,2.49500562428
2040,2015-08-17,2.48105311723
2041,2015-08-18,2.54540889545
2042,2015-08-19,2.56705037664
2043,2015-08-20,2.61538095441
2044,2015-08-21,2.64680565848
2045,2015-08-24,2.70288881071
2046,2015-08-25,2.78274661385
2047,2015-08-26,2.81578077472
2048,2015-08-27,2.78247437596
2049,2015-08-28,2.74493411041
2050,2015-08-31,2.7220255428
2051,2015-09-01,2.86483988331
2052,2015-09-02,2.94643025011
2053,2015-09-07,2.83711814424
2054,2015-09-08,2.78881072566
2055,2015-09-09,2.74251726855
2056,2015-09-10,2.78079833179
2057,2015-09-11,2.75918641307
2058,2015-09-14,2.88487275226
2059,2015-09-15,3.00995586322
2060,2015-09-16,2.87113552798
2061,2015-09-17,2.89512574511
2062,2015-09-18,2.86241447546
2063,2015-09-21,2.79383180554
2064,2015-09-22,2.7861097618
2065,2015-09-23,2.79849866666
2066,2015-09-24,2.77317977516
2067,2015-09-25,2.85463119463
2068,2015-09-28,2.80956087765
2069,2015-09-29,2.83318812418
2070,2015-09-30,2.81961054305
2071,2015-10-08,2.77145516904
2072,2015-10-09,2.75102397018
2073,2015-10-12,2.74986885901
2074,2015-10-13,2.73744595548
2075,2015-10-14,2.74315865494
2076,2015-10-15,2.73157970834
2077,2015-10-16,2.71851948819
2078,2015-10-19,2.71104062847
2079,2015-10-20,2.69863860451
2080,2015-10-21,2.72207162364
2081,2015-10-22,2.70133742433
2082,2015-10-23,2.69968671858
2083,2015-10-26,2.69857279741
2084,2015-10-27,2.69371337466
2085,2015-10-28,2.70751017807
2086,2015-10-29,2.69154951167
2087,2015-10-30,2.71581058963
2088,2015-11-02,2.7626591661
2089,2015-11-03,2.75558665669
2090,2015-11-04,2.74670076961
2091,2015-11-05,2.69473084443
2092,2015-11-06,2.69770644208
2093,2015-11-09,2.69620296889
2094,2015-11-10,2.68962857522
2095,2015-11-11,2.72462811961
2096,2015-11-12,2.78782088093
2097,2015-11-13,2.77277434504
2098,2015-11-16,2.78372590662
2099,2015-11-17,2.77721437546
2100,2015-11-18,2.76479034461
2101,2015-11-19,2.80628444354
2102,2015-11-20,2.84683066577
2103,2015-11-23,2.80451681769
2104,2015-11-24,2.83482459153
2105,2015-11-25,2.84537499081
2106,2015-11-26,2.8624612462
2107,2015-11-27,2.85467149323
2108,2015-11-30,2.82760584216
2109,2015-12-01,2.78940555477
2110,2015-12-02,2.65630659539
2111,2015-12-03,2.68615668609
2112,2015-12-04,2.71740885402
2113,2015-12-07,2.75247937339
2114,2015-12-08,2.72525506851
2115,2015-12-09,2.68386918632
2116,2015-12-10,2.68581168691
2117,2015-12-11,2.70275348297
2118,2015-12-14,2.67558885696
2119,2015-12-15,2.70214653329
2120,2015-12-16,2.73340048772
2121,2015-12-17,2.75161226999
2122,2015-12-18,2.76994042574
2123,2015-12-21,2.75000008923
2124,2015-12-22,2.74534510154
2125,2015-12-23,2.73968618833
2126,2015-12-24,2.76591382004
2127,2015-12-25,2.76706592714
2128,2015-12-28,2.77674847389
2129,2015-12-29,2.79076421088
2130,2015-12-30,2.81566435235
2131,2015-12-31,2.80533235067
2132,2016-01-04,2.84488305418
2133,2016-01-05,2.81808489434
2134,2016-01-06,2.80562715209
2135,2016-01-07,2.85017881365
2136,2016-01-08,2.82036361186
2137,2016-01-11,2.85082033102
2138,2016-01-12,2.85748531194
2139,2016-01-13,2.88094718716
2140,2016-01-14,2.86043181039
2141,2016-01-15,2.88767073035
2142,2016-01-18,2.88143729925
2143,2016-01-19,2.847057595
2144,2016-01-20,2.84765143951
2145,2016-01-21,2.86281027484
2146,2016-01-22,2.86616136013
2147,2016-01-25,2.8575476605
2148,2016-01-26,2.89412105238
2149,2016-01-27,2.86047218597
2150,2016-01-28,2.88110366772
2151,2016-01-29,2.87640182452
2152,2016-02-01,2.89256358534
2153,2016-02-02,2.8430712384
2154,2016-02-03,2.82842239343
2155,2016-02-04,2.80455976276
2156,2016-02-05,2.82097280572
2157,2016-02-15,2.80642197672
2158,2016-02-16,2.75858296512
2159,2016-02-17,2.74189199531
2160,2016-02-18,2.74420235645
2161,2016-02-19,2.73357358745
2162,2016-02-22,2.71498101637
2163,2016-02-23,2.71134254755
2164,2016-02-24,2.69652373825
2165,2016-02-25,2.81913541273
2166,2016-02-26,2.81573677263
2167,2016-02-29,2.86964859071
2168,2016-03-01,2.87191133542
2169,2016-03-02,2.87700884186
2170,2016-03-03,2.86276399727
2171,2016-03-04,2.88816472348
2172,2016-03-07,2.9261499304
2173,2016-03-08,2.89683089013
2174,2016-03-09,2.80374324697
2175,2016-03-10,2.75345739516
2176,2016-03-11,2.70578478053
2177,2016-03-14,2.62781281408
2178,2016-03-15,2.53180356224
2179,2016-03-16,2.5107935116
2180,2016-03-17,2.51467288649
2181,2016-03-18,2.52065676616
2182,2016-03-21,2.528580644
2183,2016-03-22,2.48903710942
2184,2016-03-23,2.47612330037
2185,2016-03-24,2.42978706075
2186,2016-03-25,2.42567327575
2187,2016-03-28,2.42291241031
2188,2016-03-29,2.42426651453
2189,2016-03-30,2.41126151677
2190,2016-03-31,2.41878700911
2191,2016-04-01,2.40950625918
2192,2016-04-05,2.45654189232
2193,2016-04-06,2.53016133937
2194,2016-04-07,2.52362199368
2195,2016-04-08,2.51219500894
2196,2016-04-11,2.51312246747
2197,2016-04-12,2.4950513646
2198,2016-04-13,2.49125498827
2199,2016-04-14,2.48473002134
2200,2016-04-15,2.46604340863
2201,2016-04-18,2.46343024624
2202,2016-04-19,2.46976120801
2203,2016-04-20,2.35386586202
2204,2016-04-21,2.28779967925
2205,2016-04-22,2.31984392051
2206,2016-04-25,2.32996878137
2207,2016-04-26,2.34202389592
2208,2016-04-27,2.33526270404
2209,2016-04-28,2.33371982325
2210,2016-04-29,2.34256018321
2211,2016-05-03,2.33542417726
2212,2016-05-04,2.31128025689
2213,2016-05-05,2.3136818488
2214,2016-05-06,2.2677918234
2215,2016-05-09,2.18587331876
2216,2016-05-10,2.15416849072
2217,2016-05-11,2.14304430565
2218,2016-05-12,2.1393951016
2219,2016-05-13,2.14667068939
2220,2016-05-16,2.13363540428
2221,2016-05-17,2.15294481
2222,2016-05-18,2.10678931609
2223,2016-05-19,2.11832057257
2224,2016-05-20,2.11461251258
2225,2016-05-23,2.12783846298
2226,2016-05-24,2.10484942092
2227,2016-05-25,2.11905533071
2228,2016-05-26,2.13130821298
2229,2016-05-27,2.12365597618
2230,2016-05-30,2.10273075785
2231,2016-05-31,2.09166808664
2232,2016-06-01,2.10021804642
