benchmarkvalue,date,fundvalue
1.0,2007-04-01,1.0
1.02418058265,2007-04-02,1.0179676851
1.03862890952,2007-04-03,1.04176430532
1.0481718079,2007-04-04,1.07163791346
1.06182340457,2007-04-05,1.09514505407
1.07339921542,2007-04-06,1.11455758252
1.09611495781,2007-04-09,1.1424490098
1.10956290596,2007-04-10,1.17069954977
1.12441852987,2007-04-11,1.17106511251
1.14596954561,2007-04-12,1.1976178745
1.14150714199,2007-04-13,1.18325700354
1.17341922299,2007-04-16,1.22950781905
1.18961821261,2007-04-17,1.26929542114
1.20325909094,2007-04-18,1.31954702074
1.14329353255,2007-04-19,1.23250217227
1.19609209201,2007-04-20,1.30021303885
1.2487691769,2007-04-23,1.37313389823
1.25590402081,2007-04-24,1.39978627302
1.25529664802,2007-04-25,1.38116661522
1.2716349761,2007-04-26,1.39514720256
1.26481453693,2007-04-27,1.40198585364
1.29347181433,2007-04-30,1.43012486851
1.34391233824,2007-05-08,1.51018044804
1.34869271939,2007-05-09,1.52966400913
1.35743888758,2007-05-10,1.54904776572
1.34994676556,2007-05-11,1.53986251353
1.36060437165,2007-05-14,1.57312735304
1.31406175195,2007-05-15,1.51836597279
1.35007895846,2007-05-16,1.55941020407
1.38009031991,2007-05-17,1.58231539954
1.38070841104,2007-05-18,1.58139341372
1.40657891916,2007-05-21,1.62291344827
1.42533244728,2007-05-22,1.6536216566
1.4543077022,2007-05-23,1.70472871841
1.44823754707,2007-05-24,1.69780744509
1.47258962321,2007-05-25,1.72848233026
1.5057164498,2007-05-28,1.77847138943
1.5393899119,2007-05-29,1.82665941333
1.42936611717,2007-05-30,1.69562962693
1.42434635969,2007-05-31,1.5780122981
1.3645522948,2007-06-01,1.41538413036
1.25642207407,2007-06-04,1.27234800198
1.29315026403,2007-06-05,1.32957303651
1.31132500161,2007-06-06,1.37465089433
1.36206563913,2007-06-07,1.44133300894
1.37731784175,2007-06-08,1.43619891794
1.41136287309,2007-06-11,1.47401727293
1.4492164891,2007-06-12,1.49759154089
1.48457987667,2007-06-13,1.5557749315
1.46794858053,2007-06-14,1.50997169712
1.47468327295,2007-06-15,1.49485125892
1.51973604293,2007-06-18,1.56998224561
1.53430941714,2007-06-19,1.61939645698
1.49720608516,2007-06-20,1.55819176777
1.50602728176,2007-06-21,1.54253329237
1.44516138252,2007-06-22,1.50452965725
1.37505269852,2007-06-25,1.41219018085
1.39527821247,2007-06-26,1.46089869344
1.43356056221,2007-06-27,1.49482220152
1.36189771842,2007-06-28,1.4108219158
1.32169321243,2007-06-29,1.35616672437
1.3248979971,2007-07-02,1.30915569623
1.35015398687,2007-07-03,1.34692569936
1.31921727511,2007-07-04,1.30694213365
1.24298841704,2007-07-05,1.22719655755
1.30757358143,2007-07-06,1.27801964467
1.34777451464,2007-07-09,1.32945574239
1.3265450492,2007-07-10,1.30067817872
1.33435514873,2007-07-11,1.30134616149
1.34319063646,2007-07-12,1.31304525941
1.34277262106,2007-07-13,1.29992534793
1.29925971975,2007-07-16,1.2653207619
1.33069304808,2007-07-17,1.29597210019
1.3367274754,2007-07-18,1.30063137487
1.33791006595,2007-07-19,1.30656277536
1.3950817095,2007-07-20,1.35440453838
1.46166405854,2007-07-23,1.40446085056
1.46361122425,2007-07-24,1.39865868991
1.49868521655,2007-07-25,1.42725788673
1.51868921806,2007-07-26,1.43433440421
1.52640285251,2007-07-27,1.43712890399
1.56136608859,2007-07-30,1.47862858995
1.57923713977,2007-07-31,1.48027748798
1.51276554696,2007-08-01,1.36969792135
1.56702180111,2007-08-02,1.45527459486
1.61698714513,2007-08-03,1.47823190062
1.65370818953,2007-08-06,1.50315731757
1.65641635762,2007-08-07,1.46641660831
1.63483675963,2007-08-08,1.4548248905
1.6683637377,2007-08-09,1.47541245616
1.64681272196,2007-08-10,1.44766596177
1.64372941185,2007-08-13,1.43892294023
1.67282256854,2007-08-14,1.49019131186
1.67174001586,2007-08-15,1.50870767949
1.65302936112,2007-08-16,1.56986324322
1.62310374642,2007-08-17,1.53513349998
1.70843962357,2007-08-20,1.57900373233
1.73672533173,2007-08-21,1.59603280094
1.7631746304,2007-08-22,1.62109917848
1.79013840954,2007-08-23,1.63679318435
1.81310067383,2007-08-24,1.68293635938
1.81852058279,2007-08-27,1.68551982625
1.82130020651,2007-08-28,1.72046494377
1.79720894339,2007-08-29,1.76088830006
1.82790985159,2007-08-30,1.83255663474
1.84751012883,2007-08-31,1.90928318737
1.89002622421,2007-09-03,1.99370534418
1.87166212923,2007-09-04,1.945708512
1.87495266065,2007-09-05,1.98833182466
1.89276654734,2007-09-06,2.02400369308
1.85039693598,2007-09-07,1.98534579275
1.88108712584,2007-09-10,2.03755817736
1.78564742367,2007-09-11,1.94352084167
1.8114393306,2007-09-12,2.00730411661
1.85993626158,2007-09-13,2.09755252846
1.87811099916,2007-09-14,2.1732679447
1.9149570909,2007-09-17,2.22236914785
1.91295276069,2007-09-18,2.19310843628
1.89172329525,2007-09-19,2.15632476499
1.91646480453,2007-09-20,2.19886503246
1.90501046825,2007-09-21,2.19699347971
1.91962671583,2007-09-24,2.21394984653
1.90003715692,2007-09-25,2.15309258039
1.86788569959,2007-09-26,2.12213798111
1.88936168692,2007-09-27,2.20493419903
1.94024880848,2007-09-28,2.28414931095
1.96036356621,2007-10-08,2.28270502721
1.97097472615,2007-10-09,2.30258060351
1.9709461439,2007-10-10,2.31009625483
1.98267558433,2007-10-11,2.32269573336
1.96704466691,2007-10-12,2.38189997254
1.9899497667,2007-10-15,2.44601391125
2.00949645223,2007-10-16,2.43086047335
1.99378336084,2007-10-17,2.43535703831
1.92735106862,2007-10-18,2.38187268763
1.92684730648,2007-10-19,2.39889745532
1.87796808792,2007-10-22,2.26683287383
1.89657155923,2007-10-23,2.2272848054
1.90249165756,2007-10-24,2.23156833544
1.80517267251,2007-10-25,2.0958471263
1.82024980886,2007-10-26,2.1184107976
1.85630274318,2007-10-29,2.18256461974
1.88828270702,2007-10-30,2.25787805396
1.92641142718,2007-10-31,2.28865689727
1.89413134973,2007-11-01,2.25802799329
1.84966808863,2007-11-02,2.18848968796
1.82101081124,2007-11-05,2.11671910681
1.81175016256,2007-11-06,2.11222812194
1.82018907158,2007-11-07,2.12338420391
1.73513901691,2007-11-08,2.03895731983
1.71637119767,2007-11-09,2.05058586215
1.69490592867,2007-11-12,2.05468418173
1.68536660307,2007-11-13,2.00399633431
1.75411048468,2007-11-14,2.05187750749
1.73206285237,2007-11-15,2.03085731086
1.71226249937,2007-11-16,1.99801519465
1.71593174559,2007-11-19,1.95054172086
1.74120202648,2007-11-20,1.96936247277
1.71644622607,2007-11-21,1.93510371441
1.63908122361,2007-11-22,1.85970221176
1.6684387661,2007-11-23,1.89082755417
1.64965665573,2007-11-26,1.86153493804
1.621706789,2007-11-27,1.81170168776
1.60203148335,2007-11-28,1.79545440201
1.6638584607,2007-11-29,1.87428934335
1.63004566014,2007-11-30,1.84192724151
1.64344716214,2007-12-03,1.83255660166
1.66096093521,2007-12-04,1.83757562379
1.70495258919,2007-12-05,1.85257645456
1.70775007681,2007-12-06,1.85463301732
1.73269880741,2007-12-07,1.88050946741
1.76759416065,2007-12-10,1.91711084368
1.77329274654,2007-12-11,1.9587640249
1.75666859597,2007-12-12,1.97299541854
1.69222277005,2007-12-13,1.91215529346
1.72554252681,2007-12-14,1.94196086764
1.69265150378,2007-12-17,1.98117158925
1.68212609059,2007-12-18,1.94894284064
1.72190543563,2007-12-19,1.98058353905
1.75141660772,2007-12-20,1.99170101626
1.77471828621,2007-12-21,2.01389795456
1.8101531294,2007-12-24,2.03230420963
1.81607322772,2007-12-25,2.06015946591
1.83688825055,2007-12-26,2.10378263959
1.86923263807,2007-12-27,2.11646610279
1.85989696099,2007-12-28,2.10726054515
1.88604257326,2008-01-02,2.19031640689
1.90427804812,2008-01-03,2.24710589227
1.92243492179,2008-01-04,2.26963795375
1.95059558261,2008-01-07,2.33496136229
1.93172057993,2008-01-08,2.25343456237
1.96713041366,2008-01-09,2.34394881761
1.98542662579,2008-01-10,2.33062020425
1.99261148863,2008-01-11,2.31339115726
2.00674183798,2008-01-14,2.34453127968
1.99986423432,2008-01-15,2.41057231504
1.94086332683,2008-01-16,2.43919756395
1.89117308695,2008-01-17,2.35071059515
1.90827956298,2008-01-18,2.385271809
1.81675205614,2008-01-21,2.29986340701
1.67495551888,2008-01-22,2.08000869472
1.75533594861,2008-01-23,2.19031404397
1.78229615497,2008-01-24,2.27450928278
1.79754121203,2008-01-25,2.24567098038
1.67453035792,2008-01-28,2.06147179205
1.69031847771,2008-01-29,2.11893909695
1.67666330825,2008-01-30,2.15837921056
1.63759494666,2008-01-31,2.03379209704
1.60821954025,2008-02-01,1.89140049654
1.74084474837,2008-02-04,2.07268883721
1.73446733406,2008-02-05,2.06224505729
1.70328410041,2008-02-13,2.08703111426
1.72850436237,2008-02-14,2.12599463557
1.70812521883,2008-02-15,2.18785642141
1.74727575439,2008-02-18,2.30595725082
1.78458630767,2008-02-19,2.32064915694
1.75023044438,2008-02-20,2.36843362271
1.74616104668,2008-02-21,2.37809860956
1.68851422324,2008-02-22,2.34164361936
1.62575117723,2008-02-25,2.28770902211
1.62451142218,2008-02-26,2.29337068254
1.66723831165,2008-02-27,2.38061616415
1.66327609738,2008-02-28,2.3974040543
1.68305858646,2008-02-29,2.41292162186
1.72832929609,2008-03-03,2.52035981399
1.69255861147,2008-03-04,2.57197308594
1.68250837817,2008-03-05,2.64734960445
1.69881097844,2008-03-06,2.60597540296
1.67295833423,2008-03-07,2.48563666457
1.60745496509,2008-03-10,2.39127202467
1.61532937469,2008-03-11,2.48586296908
1.56854023309,2008-03-12,2.38192844812
1.52308373884,2008-03-13,2.2903893206
1.50968580963,2008-03-14,2.27323634146
1.42865513373,2008-03-17,2.06272563881
1.3485569537,2008-03-18,1.89951703798
1.39778273203,2008-03-19,2.03253453501
1.44224956591,2008-03-20,2.10984590956
1.45669074721,2008-03-21,2.11635743297
1.39967630603,2008-03-24,2.06771200539
1.41721151579,2008-03-25,2.11047446176
1.41840482468,2008-03-26,2.07180433239
1.35471642836,2008-03-27,1.94212857426
1.41090198432,2008-03-28,1.98306590437
1.3603685681,2008-03-31,1.90164802431
1.27669760695,2008-04-01,1.75447782014
1.2513058515,2008-04-02,1.66581907638
1.28652275504,2008-04-03,1.67016845373
1.3585142947,2008-04-07,1.74924414619
1.37769655655,2008-04-08,1.79336344975
1.30510121689,2008-04-09,1.68331762413
1.33186492029,2008-04-10,1.71673980626
1.34443753707,2008-04-11,1.74725758213
1.25632918176,2008-04-14,1.63911859082
1.27826963065,2008-04-15,1.66500424365
1.24666480882,2008-04-16,1.61780116137
1.20757143776,2008-04-17,1.55446722818
1.16261513287,2008-04-18,1.46348630921
1.15941392098,2008-04-21,1.42278682064
1.16364766662,2008-04-22,1.39236703852
1.2182576261,2008-04-23,1.43040642425
1.3311432185,2008-04-24,1.53560920104
1.3416114672,2008-04-25,1.5426134729
1.31910294612,2008-04-28,1.51676269287
1.33463382566,2008-04-29,1.5349187292
1.39609995212,2008-04-30,1.57218293046
1.43339978706,2008-05-05,1.56682073409
1.41981250045,2008-05-06,1.54734779121
1.35389826148,2008-05-07,1.4771068217
1.39299877811,2008-05-08,1.53444970309
1.3803189779,2008-05-09,1.5063087557
1.39390269173,2008-05-12,1.51081237056
1.37992597198,2008-05-13,1.48382336261
1.42116301171,2008-05-14,1.54109456188
1.41063402574,2008-05-15,1.52882316796
1.4027488978,2008-05-16,1.53310674531
1.39650367639,2008-05-19,1.54137167246
1.32053563135,2008-05-20,1.45934647686
1.34782810635,2008-05-21,1.47848047273
1.32514809178,2008-05-22,1.45670911052
1.31187878268,2008-05-23,1.44406095254
1.27202798202,2008-05-26,1.3797018974
1.27786590638,2008-05-27,1.38366635677
1.31353655312,2008-05-28,1.43289485881
1.27959513244,2008-05-29,1.39428782398
1.28852351247,2008-05-30,1.41169354174
1.29503669246,2008-06-02,1.42309047992
1.29048139653,2008-06-03,1.41097153789
1.26672597483,2008-06-04,1.38752854835
1.25351740302,2008-06-05,1.37946899521
1.24512851294,2008-06-06,1.36676318821
1.1424146284,2008-06-10,1.2812373254
1.11746947059,2008-06-11,1.25597540845
1.09980206793,2008-06-12,1.23225600631
1.0588651418,2008-06-13,1.1997236315
1.04624965165,2008-06-16,1.16638146974
1.00157202369,2008-06-17,1.11639979803
1.05505298434,2008-06-18,1.16806513879
0.97549786705,2008-06-19,1.09255916082
1.00142553967,2008-06-20,1.11084604845
0.981332218626,2008-06-23,1.10076675467
1.00531987109,2008-06-24,1.12645006203
1.0501975748,2008-06-25,1.17392556366
1.05614625537,2008-06-26,1.17883645129
0.994301414107,2008-06-27,1.12111043682
0.989220919348,2008-06-30,1.11577062272
0.95938819696,2008-07-01,1.08706283465
0.963071734299,2008-07-02,1.09622097331
0.989653225864,2008-07-03,1.11847323237
0.984340500332,2008-07-04,1.0726848589
1.03511686567,2008-07-07,1.10526921044
1.04391662558,2008-07-08,1.13397608653
1.0818631339,2008-07-09,1.16317877713
1.06488885078,2008-07-10,1.15741950684
1.057768298,2008-07-11,1.16427749854
1.06880819167,2008-07-14,1.17998584328
1.02756400637,2008-07-15,1.14570189591
0.985933960714,2008-07-16,1.10380097161
0.976005201969,2008-07-17,1.08788077069
1.01046110313,2008-07-18,1.09818500806
1.04630681615,2008-07-21,1.12221599837
1.04529214631,2008-07-22,1.11584553729
1.03728554381,2008-07-23,1.09275441409
1.06939770056,2008-07-24,1.10685575238
1.05659285301,2008-07-25,1.08154472523
1.06584278334,2008-07-28,1.09643762551
1.04553866821,2008-07-29,1.12073807307
1.03831450478,2008-07-30,1.09986283703
1.00767433385,2008-07-31,1.07961067153
1.02105797195,2008-08-01,1.08296962979
0.99669517746,2008-08-04,1.05978361065
0.970292324952,2008-08-05,1.0404951174
0.975998056407,2008-08-06,1.04736166155
0.977059172401,2008-08-07,1.05940347574
0.925443203498,2008-08-08,0.983058142257
0.872844719787,2008-08-11,0.914292708397
0.866738836845,2008-08-12,0.909853918052
0.866803146906,2008-08-13,0.905736336875
0.867299763482,2008-08-14,0.90895710535
0.867735642779,2008-08-15,0.910305844045
0.816627008796,2008-08-18,0.864697897935
0.82922463504,2008-08-19,0.879203729153
0.895149592346,2008-08-20,0.916930525565
0.863630517267,2008-08-21,0.903065611577
0.849128598684,2008-08-22,0.880952421188
0.847281470843,2008-08-25,0.873097180247
0.818527728354,2008-08-26,0.826307131553
0.816255439559,2008-08-27,0.832372127151
0.819156537832,2008-08-28,0.827504973626
0.839939405632,2008-08-29,0.847145076561
0.811732298656,2008-09-01,0.814209742439
0.806180196789,2008-09-02,0.811583192384
0.79388625694,2008-09-03,0.800651994621
0.796601570595,2008-09-04,0.797177158797
0.769884313347,2008-09-05,0.774575427997
0.74599669875,2008-09-08,0.752375069201
0.75082709883,2008-09-09,0.755876586807
0.753063659814,2008-09-10,0.759836541116
0.730280034585,2008-09-11,0.737678487336
0.732209336392,2008-09-12,0.741490170967
0.707214159646,2008-09-16,0.704265021336
0.684380515481,2008-09-17,0.678900305474
0.670950431235,2008-09-18,0.673684772789
0.734356577847,2008-09-19,0.725011359822
0.779152107584,2008-09-22,0.773028195345
0.745307151993,2008-09-23,0.753201930725
0.752985058629,2008-09-24,0.755382507813
0.780399008196,2008-09-25,0.779642624294
0.785911809471,2008-09-26,0.790053856837
0.747633032505,2008-10-06,0.750078131858
0.739680021723,2008-10-07,0.732855461613
0.713630874545,2008-10-08,0.712343852965
0.704002229415,2008-10-09,0.694030940548
0.669564192158,2008-10-10,0.667563508693
0.694230673041,2008-10-13,0.684298660437
0.675820131907,2008-10-14,0.661739616171
0.669428426476,2008-10-15,0.656666544691
0.635733527693,2008-10-16,0.629352216331
0.640792585765,2008-10-17,0.637567636529
0.663004566014,2008-10-20,0.656515159885
0.658409969488,2008-10-21,0.649008863727
0.642432492301,2008-10-22,0.636105551187
0.644129563335,2008-10-23,0.641647745982
0.627323200926,2008-10-24,0.62560159227
0.58173451378,2008-10-27,0.59427953991
0.598826698679,2008-10-28,0.60778296446
0.580719843941,2008-10-29,0.59243063759
0.592777980235,2008-10-30,0.604601814238
0.581173587144,2008-10-31,0.593073670164
0.576714756301,2008-11-03,0.578894959097
0.567557718279,2008-11-04,0.568367450004
0.589080151772,2008-11-05,0.582400780438
0.575424982315,2008-11-06,0.5833032481
0.585100073599,2008-11-07,0.592389604132
0.628273560705,2008-11-10,0.623184692209
0.621588887222,2008-11-11,0.615261150001
0.630338628195,2008-11-12,0.626710232257
0.656480667681,2008-11-13,0.651229142218
0.682061780531,2008-11-14,0.669254532402
0.700947501554,2008-11-17,0.703999085419
0.649138602471,2008-11-18,0.703230972748
0.690297041023,2008-11-19,0.739327354949
0.684777094186,2008-11-20,0.731845799308
0.679485805341,2008-11-21,0.717686700158
0.650410512551,2008-11-24,0.687125689291
0.648402609559,2008-11-25,0.673257734703
0.651510929137,2008-11-26,0.674238465195
0.661035963615,2008-11-27,0.680937521522
0.648173951567,2008-11-28,0.678584103077
0.663461881998,2008-12-01,0.696941046575
0.667445532952,2008-12-02,0.70219066718
0.697071034034,2008-12-03,0.724966156415
0.705431341865,2008-12-04,0.718878302506
0.718346945629,2008-12-05,0.739174440268
0.74802961121,2008-12-08,0.769310524539
0.728733020358,2008-12-09,0.760677725557
0.748787040808,2008-12-10,0.777537014011
0.729744117416,2008-12-11,0.752629547313
0.698668067197,2008-12-12,0.72272411292
0.705756464947,2008-12-15,0.731674586133
0.713909551473,2008-12-16,0.737421191744
0.717753863963,2008-12-17,0.740865568117
0.732873873681,2008-12-18,0.753980856303
0.736264442968,2008-12-19,0.771134955148
0.726417858189,2008-12-22,0.76820318189
0.688632125019,2008-12-23,0.719500461177
0.676448941385,2008-12-24,0.710363748888
0.671375592188,2008-12-25,0.709962075928
0.667513415793,2008-12-26,0.709164648083
0.665516231145,2008-12-29,0.707731908182
0.658552880733,2008-12-30,0.697006211547
0.651818188314,2008-12-31,0.678817077879
0.67598805262,2009-01-05,0.687481124128
0.697982093221,2009-01-06,0.708427580298
0.695577611524,2009-01-07,0.707667053069
0.679635862148,2009-01-08,0.684667533077
0.692122732177,2009-01-09,0.698910381545
0.694866628081,2009-01-12,0.708537531508
0.67830678757,2009-01-13,0.697236987461
0.706245935961,2009-01-14,0.717121815837
0.707589301664,2009-01-15,0.72155848347
0.718664923149,2009-01-16,0.727394675435
0.724806533902,2009-01-19,0.72583058883
0.729954911502,2009-01-20,0.732186836112
0.72915460853,2009-01-21,0.732237158335
0.738340228801,2009-01-22,0.741983912219
0.733695613339,2009-01-23,0.735676327647
0.745389325959,2009-02-02,0.749810480596
0.764503704974,2009-02-03,0.777315451028
0.784632753828,2009-02-04,0.80722824973
0.777526492172,2009-02-05,0.799929399826
0.809645794479,2009-02-06,0.845244302966
0.832472293082,2009-02-09,0.883468995871
0.84615961757,2009-02-10,0.91376197777
0.847742359608,2009-02-11,0.909607882036
0.847549429427,2009-02-12,0.903314308812
0.877253531694,2009-02-13,0.935315239074
0.898665208972,2009-02-16,0.976433184089
0.868736021494,2009-02-17,0.932161596097
0.830253596004,2009-02-18,0.875164990284
0.840457458895,2009-02-19,0.902349198844
0.859721894717,2009-02-20,0.946151907577
0.88512079573,2009-02-23,0.984207067885
0.846052434136,2009-02-24,0.948526408841
0.847903134758,2009-02-25,0.969464802756
0.801596318606,2009-02-26,0.902810780837
0.776769062574,2009-02-27,0.829215350212
0.787934003587,2009-03-02,0.837779467848
0.782974983387,2009-03-03,0.835341511527
0.834183655241,2009-03-04,0.896343075195
0.841211315712,2009-03-05,0.903407640233
0.834733863534,2009-03-06,0.896704727855
0.802671725725,2009-03-09,0.847449703494
0.818091849057,2009-03-10,0.87347131814
0.811310710483,2009-03-11,0.883127220443
0.810656891538,2009-03-12,0.87769268395
0.805822918676,2009-03-13,0.869851446727
0.818441981607,2009-03-16,0.882168552235
0.848128219969,2009-03-17,0.926627861085
0.853462382188,2009-03-18,0.940194959643
0.872008689004,2009-03-19,0.976025026944
0.870329481875,2009-03-20,1.00195563884
0.891423181633,2009-03-23,1.02705312908
0.89643579355,2009-03-24,1.03550911384
0.876556839375,2009-03-25,1.02131503721
0.903588501361,2009-03-26,1.05181766491
0.91073406361,2009-03-27,1.05346646116
0.906989788992,2009-03-30,1.03557869082
0.915764539433,2009-03-31,1.05786168368
0.930648745597,2009-04-01,1.07324276231
0.938873287745,2009-04-02,1.0747607521
0.935018256912,2009-04-03,1.07174648815
0.939223420295,2009-04-07,1.07673919132
0.904413813801,2009-04-08,1.03870143782
0.918637055457,2009-04-09,1.07686684475
0.947337206228,2009-04-10,1.10768688468
0.967544856267,2009-04-13,1.11297894607
0.976734049319,2009-04-14,1.1369292963
0.982686302672,2009-04-15,1.15917168758
0.983786719258,2009-04-16,1.17087145064
0.970660321407,2009-04-17,1.16870941457
0.992868728876,2009-04-20,1.21982910055
0.983636662451,2009-04-21,1.22659483983
0.944157431027,2009-04-22,1.14463391141
0.950259741188,2009-04-23,1.15638996408
0.942785483076,2009-04-24,1.14109013631
0.917465183248,2009-04-27,1.08165732153
0.921991896932,2009-04-28,1.10196586249
0.952260498617,2009-04-29,1.15273466728
0.960456458516,2009-04-30,1.17281697202
0.993672604629,2009-05-04,1.20596523877
0.99939619999,2009-05-05,1.2212245361
1.01325144519,2009-05-06,1.23104644626
1.01232609488,2009-05-07,1.23423896762
1.01966458731,2009-05-08,1.25773734351
0.992950902842,2009-05-11,1.18637946917
1.01633118252,2009-05-12,1.22010319983
1.0250987874,2009-05-13,1.24045275289
1.01986466305,2009-05-14,1.25087183508
1.02254067611,2009-05-15,1.25740122343
1.02838217325,2009-05-18,1.28774628602
1.03885399473,2009-05-19,1.28495018376
1.02978270345,2009-05-20,1.28192786044
1.00780652676,2009-05-21,1.25868615817
1.00563784861,2009-05-22,1.25457914532
1.0102395907,2009-05-25,1.25926516885
1.00109327102,2009-05-26,1.25672151066
1.01259405346,2009-05-27,1.25662077314
1.04451328003,2009-06-01,1.26745715525
1.04793243156,2009-06-02,1.27198580148
1.07089112307,2009-06-03,1.29210041797
1.07467827106,2009-06-04,1.30918110306
1.06917261535,2009-06-05,1.29421498324
1.07139845799,2009-06-08,1.30663904511
1.07599305451,2009-06-09,1.33981321184
1.08677213517,2009-06-10,1.3555021774
1.0774150214,2009-06-11,1.34488831727
1.05657141632,2009-06-12,1.30035621049
1.07688624979,2009-06-15,1.32290318195
1.07496052077,2009-06-16,1.31308531901
1.09279584414,2009-06-17,1.3321490389
1.10801946451,2009-06-18,1.34504867746
1.11463268237,2009-06-19,1.34275421388
1.11335362673,2009-06-22,1.33961779653
1.1128284279,2009-06-23,1.33236178357
1.1260405725,2009-06-24,1.36103736321
1.12496516538,2009-06-25,1.36841969463
1.1294097051,2009-06-26,1.38378775112
1.14604100124,2009-06-29,1.40076304533
1.14049961771,2009-06-30,1.38623446581
1.16444082403,2009-07-01,1.42632744574
1.17966087162,2009-07-02,1.44534043473
1.195488292,2009-07-03,1.47860223435
1.20965436915,2009-07-06,1.49982743835
1.19960770863,2009-07-07,1.48693109602
1.20597083181,2009-07-08,1.49436917094
1.22320950074,2009-07-09,1.4943022479
1.22501018243,2009-07-10,1.49922868713
1.2166498746,2009-07-13,1.47992608336
1.24752942185,2009-07-14,1.52445038642
1.26092377829,2009-07-15,1.52322300014
1.26188128363,2009-07-16,1.53353037242
1.26880176067,2009-07-17,1.52073191885
1.29372905457,2009-07-20,1.53476518268
1.272599627,2009-07-21,1.52441895236
1.29657298835,2009-07-22,1.55862359237
1.31208243121,2009-07-23,1.57479220361
1.31484419102,2009-07-24,1.56757305788
1.34100766719,2009-07-27,1.59695529293
1.34789956198,2009-07-28,1.59508858418
1.27391441046,2009-07-29,1.5365796976
1.29837724281,2009-07-30,1.58883662828
1.33544841976,2009-07-31,1.62789244694
1.35666359407,2009-08-03,1.72184368899
1.35986123318,2009-08-04,1.71980515713
1.34677413592,2009-08-05,1.66738404853
1.32083931774,2009-08-06,1.59078995414
1.28162447212,2009-08-07,1.5051641473
1.28129934904,2009-08-10,1.50604411304
1.2860582935,2009-08-11,1.51430539272
1.22813636591,2009-08-12,1.44888256538
1.24111627973,2009-08-13,1.46237098405
1.20213009211,2009-08-14,1.39954312603
1.12662650861,2009-08-17,1.27897112937
1.140217368,2009-08-18,1.33518052087
1.08313861676,2009-08-19,1.22782534544
1.12890594296,2009-08-20,1.27336335373
1.15220762146,2009-08-21,1.30586105256
1.16463375421,2009-08-24,1.30961654298
1.12654076186,2009-08-25,1.23583361859
1.15184319778,2009-08-26,1.26953740687
1.14955304508,2009-08-27,1.26913465101
1.1115422267,2009-08-28,1.20770705845
1.03238726089,2009-08-31,1.09942006041
1.03403074021,2009-09-01,1.07949082081
1.04890422803,2009-09-02,1.08633470023
1.10601870708,2009-09-03,1.12953203204
1.1173908694,2009-09-04,1.15856369333
1.12772335241,2009-09-07,1.19829092369
1.15128227115,2009-09-08,1.20032515469
1.15953539554,2009-09-09,1.19043294101
1.1482239705,2009-09-10,1.17352401538
1.17384081116,2009-09-11,1.20458428259
1.19607065532,2009-09-14,1.23727137747
1.20132621635,2009-09-15,1.24461768827
1.18898940313,2009-09-16,1.24347162526
1.21262692305,2009-09-17,1.27990738509
1.16941413535,2009-09-18,1.26086108232
1.17632389405,2009-09-21,1.30233411396
1.14760230659,2009-09-22,1.26706031199
1.11967744932,2009-09-23,1.21404971709
1.12383973933,2009-09-24,1.20513829267
1.11527221019,2009-09-25,1.19567011073
1.08376385346,2009-09-28,1.16728395391
1.07944436108,2009-09-29,1.14577062879
1.09069504884,2009-09-30,1.16331976156
1.14810249594,2009-10-09,1.20057890776
1.14608387461,2009-10-12,1.19070908998
1.16365481218,2009-10-13,1.20287933715
1.1741945165,2009-10-14,1.22205229052
1.17849971775,2009-10-15,1.22559457148
1.17993240298,2009-10-16,1.23489965094
1.21115851001,2009-10-19,1.27121721838
1.22892595054,2009-10-20,1.2846550773
1.22480296112,2009-10-21,1.29815736631
1.21957240956,2009-10-22,1.29932545842
1.24202376614,2009-10-23,1.32086687644
1.2425239555,2009-10-26,1.31404833229
1.20700336556,2009-10-27,1.26943135079
1.21378093135,2009-10-28,1.27827393096
1.18554881491,2009-10-29,1.25458113059
1.19848585536,2009-10-30,1.27553313545
1.23935132586,2009-11-02,1.29746949556
1.25813700901,2009-11-03,1.34845406978
1.26547192866,2009-11-04,1.3447558151
1.2713134258,2009-11-05,1.37919780371
1.27798023537,2009-11-06,1.39273298147
1.28373241298,2009-11-09,1.41851803487
1.28646559054,2009-11-10,1.41701140683
1.28527228165,2009-11-11,1.42244305566
1.28743381423,2009-11-12,1.44332306149
1.29642293154,2009-11-13,1.46951040652
1.33373348482,2009-11-16,1.50268262532
1.33598076415,2009-11-17,1.50832888463
1.33781360086,2009-11-18,1.51632941673
1.34597383295,2009-11-19,1.53611917413
1.34485555246,2009-11-20,1.55581362422
1.36033284029,2009-11-23,1.59237700589
1.31026388561,2009-11-24,1.50070379737
1.34471264121,2009-11-25,1.57733206103
1.2910923421,2009-11-26,1.48597840064
1.25386396279,2009-11-27,1.43303334797
1.30368996835,2009-11-30,1.50181344235
1.32585550244,2009-12-01,1.54633625843
1.34077186363,2009-12-02,1.56187008368
1.34097193938,2009-12-03,1.58330620868
1.3482925679,2009-12-04,1.54136457593
1.36061509,2009-12-07,1.59327385275
1.34711712291,2009-12-08,1.58526970674
1.32221841126,2009-12-09,1.55843619358
1.33132900312,2009-12-10,1.57341837661
1.33057157352,2009-12-11,1.58430286123
1.33997513344,2009-12-14,1.57732049715
1.33220076172,2009-12-15,1.59940576231
1.32453714621,2009-12-16,1.58285468981
1.29193551845,2009-12-17,1.52237191474
1.25571823619,2009-12-18,1.46688721616
1.26067368361,2009-12-21,1.5060472026
1.22650360494,2009-12-22,1.46449567735
1.2403088312,2009-12-23,1.49649331672
1.27875552888,2009-12-24,1.53913916184
1.27680479038,2009-12-25,1.55712269527
1.29696956705,2009-12-28,1.58501367957
1.30446883463,2009-12-29,1.58551845671
1.31995326802,2009-12-30,1.5755008649
1.32741680779,2009-12-31,1.60221041242
1.31762024195,2010-01-04,1.62126083235
1.32905671433,2010-01-05,1.6363508965
1.32220412013,2010-01-06,1.64367008426
1.29591202384,2010-01-07,1.60409899499
1.30218225471,2010-01-08,1.63181064729
1.30468677428,2010-01-11,1.65928807678
1.32639856517,2010-01-12,1.69869606082
1.29062073499,2010-01-13,1.70559264035
1.31272910459,2010-01-14,1.73220622877
1.3189350254,2010-01-15,1.73254547095
1.32964265043,2010-01-18,1.75212404856
1.33164698064,2010-01-19,1.75972898025
1.28713012783,2010-01-20,1.70624487383
1.29226778709,2010-01-21,1.70428639528
1.27130628023,2010-01-22,1.65665487148
1.25652568472,2010-01-25,1.62886805446
1.21941877997,2010-01-26,1.57579870421
1.20493115251,2010-01-27,1.58335529877
1.21195881298,2010-01-28,1.60319974942
1.21388811479,2010-01-29,1.61089697313
1.19624572159,2010-02-01,1.56541716225
1.19235853573,2010-02-02,1.55715172803
1.22067639892,2010-02-03,1.60231983277
1.22038343087,2010-02-04,1.64209710629
1.1949773843,2010-02-05,1.57820362894
1.1943521476,2010-02-08,1.58198328301
1.19961485419,2010-02-09,1.57203968503
1.21616040358,2010-02-10,1.59015889804
1.21728225685,2010-02-11,1.58415586488
1.23018356949,2010-02-12,1.60057255761
1.22529600492,2010-02-22,1.59812503135
1.21811114208,2010-02-23,1.62636805422
1.23784718501,2010-02-24,1.65157414863
1.25648995691,2010-02-25,1.67294614036
1.25382466219,2010-02-26,1.68843445355
1.26955919026,2010-03-01,1.70524801308
1.26607215589,2010-03-02,1.71789817568
1.27754435608,2010-03-03,1.74605941969
1.24165576968,2010-03-04,1.70372901145
1.2455143733,2010-03-05,1.73486457726
1.25647566579,2010-03-08,1.74812480613
1.2624743653,2010-03-09,1.75052630836
1.25081995327,2010-03-10,1.71993393551
1.24749369404,2010-03-11,1.70235093223
1.23026217068,2010-03-12,1.6669068955
1.21339864377,2010-03-15,1.6501955093
1.22184469835,2010-03-16,1.67607768084
1.25033405504,2010-03-17,1.72931090704
1.24953732484,2010-03-18,1.74728387056
1.25930173566,2010-03-19,1.7605773625
1.26360336413,2010-03-22,1.77199847156
1.25371747876,2010-03-23,1.74509391852
1.25570394506,2010-03-24,1.75189203054
1.23786862169,2010-03-25,1.71914672347
1.25549315098,2010-03-26,1.76183183294
1.28184955733,2010-03-29,1.77822531787
1.28560455029,2010-03-30,1.78827883888
1.28038114429,2010-03-31,1.77744579478
1.29846656234,2010-04-01,1.77707238207
1.30395792693,2010-04-02,1.77523150306
1.30399722752,2010-04-06,1.77874134422
1.2995348239,2010-04-07,1.79432388759
1.28814479767,2010-04-08,1.78420970764
1.30247879554,2010-04-09,1.82096823364
1.29711962386,2010-04-12,1.85391410952
1.304740366,2010-04-13,1.80343666907
1.31210744067,2010-04-14,1.83640316835
1.30520840032,2010-04-15,1.82792655745
1.29318956462,2010-04-16,1.81942332664
1.22747897418,2010-04-19,1.7479197155
1.2307873695,2010-04-20,1.80769653583
1.25870865399,2010-04-21,1.88334876333
1.24925507514,2010-04-22,1.89740743838
1.24334569516,2010-04-23,1.87332801767
1.23836881105,2010-04-26,1.89719300323
1.21150864256,2010-04-27,1.86985487027
1.20665680579,2010-04-28,1.86033060513
1.18554524213,2010-04-29,1.81557290049
1.17923928344,2010-04-30,1.72261980381
1.16524827256,2010-05-04,1.74051450091
1.17902134379,2010-05-05,1.7936227841
1.12926679386,2010-05-06,1.77453359233
1.1073978006,2010-05-07,1.73975503727
1.10793729055,2010-05-10,1.66457231909
1.08301356942,2010-05-11,1.60589169641
1.08099852087,2010-05-12,1.57170831824
1.10851250831,2010-05-13,1.63445030604
1.10496473665,2010-05-14,1.67663313642
1.04279477231,2010-05-17,1.6186593443
1.06282021051,2010-05-18,1.62349254652
1.06055864006,2010-05-19,1.62480826412
1.04503133329,2010-05-20,1.5880188377
1.06279162826,2010-05-21,1.59490419122
1.10506120174,2010-05-24,1.66138442126
1.08600756,2010-05-25,1.67478814507
1.08678285351,2010-05-26,1.67542660714
1.10498260056,2010-05-27,1.69447194572
1.10336055793,2010-05-28,1.72204996362
1.07241312783,2010-05-31,1.73672510391
1.05872937612,2010-06-01,1.68031844817
1.06649660229,2010-06-02,1.68731799489
1.05834351576,2010-06-03,1.68569551993
1.06311317856,2010-06-04,1.70626721679
1.04808606115,2010-06-07,1.73686943971
1.05163026003,2010-06-08,1.77362969371
1.08228114929,2010-06-09,1.79927056027
1.07391012312,2010-06-10,1.78545727607
1.0746889894,2010-06-11,1.7425734851
1.06647873838,2010-06-17,1.62149975835
1.04136208708,2010-06-18,1.51892012864
1.07333133258,2010-06-21,1.54833227454
1.07643965215,2010-06-22,1.55652249318
1.06751484491,2010-06-23,1.55505964576
1.06727904135,2010-06-24,1.54564283429
1.05666073585,2010-06-25,1.51366973067
1.04651046468,2010-06-28,1.48274863673
0.995559033063,2010-06-29,1.43167994796
0.982339742903,2010-06-30,1.44737267009
0.967819960414,2010-07-01,1.4278573954
0.968691719008,2010-07-02,1.47084023876
0.961078122432,2010-07-05,1.47142288715
0.982350461246,2010-07-06,1.49545128128
0.991003737129,2010-07-07,1.49284453604
0.988320578505,2010-07-08,1.49642715847
1.01610967009,2010-07-09,1.53930891065
1.02728890223,2010-07-12,1.58394006273
1.01125068776,2010-07-13,1.54810029115
1.01908936955,2010-07-14,1.55032198839
1.00016434793,2010-07-15,1.52823555426
1.00383716693,2010-07-16,1.53326752858
1.02858582178,2010-07-19,1.57145602559
1.05288787898,2010-07-20,1.59080227286
1.05510300328,2010-07-21,1.58706478066
1.06879032777,2010-07-22,1.61788603086
1.07199868522,2010-07-23,1.63264821729
1.08092706525,2010-07-26,1.63256068024
1.07638963322,2010-07-27,1.61964409572
1.10219583128,2010-07-28,1.67181147491
1.10842676156,2010-07-29,1.67355085873
1.10561498281,2010-07-30,1.67108079712
1.12468648846,2010-08-02,1.69825351662
1.10496116387,2010-08-03,1.71028883552
1.11164226457,2010-08-04,1.72059302866
1.10566142897,2010-08-05,1.68499650595
1.12504019379,2010-08-06,1.68724139041
1.13483318685,2010-08-09,1.71760958123
1.09899461939,2010-08-10,1.6490482573
1.10751212959,2010-08-11,1.68494601192
1.09401058972,2010-08-12,1.69731096203
1.11074549651,2010-08-13,1.72360743358
1.13659456794,2010-08-16,1.74353596875
1.14471549944,2010-08-17,1.76388127636
1.14326137752,2010-08-18,1.74625002605
1.14872058708,2010-08-19,1.73380278825
1.12595125297,2010-08-20,1.68072650618
1.12791985537,2010-08-23,1.66307939534
1.13590144841,2010-08-24,1.69011660296
1.11022029768,2010-08-25,1.62821572046
1.1143432871,2010-08-26,1.63338254034
1.11894502919,2010-08-27,1.64384770283
1.14334712427,2010-08-30,1.65937876047
1.1424146284,2010-08-31,1.6398877844
1.13293246729,2010-09-01,1.63511859509
1.15007467113,2010-09-02,1.68086997196
1.1522755043,2010-09-03,1.69043960745
1.16725617555,2010-09-06,1.69424905502
1.17144704781,2010-09-07,1.70929654662
1.1735692798,2010-09-08,1.78602158381
1.153733199,2010-09-09,1.78161092464
1.15867792807,2010-09-10,1.78323621599
1.17291903363,2010-09-13,1.80597888476
1.17475187035,2010-09-14,1.81851123673
1.1548121789,2010-09-15,1.76558045117
1.1308673998,2010-09-16,1.74223481266
1.13139259863,2010-09-17,1.74052650663
1.12467577011,2010-09-20,1.70959018661
1.12643357843,2010-09-21,1.73111882817
1.14864555868,2010-09-27,1.82915437342
1.14043173487,2010-09-28,1.85467088363
1.1343508614,2010-09-29,1.82589063508
1.15651639549,2010-09-30,1.87508618728
1.19491307424,2010-10-08,1.94220102027
1.2217410877,2010-10-11,1.93309373143
1.23429584057,2010-10-12,1.98243034995
1.24922649289,2010-10-13,1.94145967401
1.24047675191,2010-10-14,1.98506291106
1.27095614768,2010-10-15,2.01834361938
1.26108098066,2010-10-18,1.88155283559
1.29060287109,2010-10-19,1.94366850999
1.29773414221,2010-10-20,1.92093567107
1.29405060487,2010-10-21,2.01376285108
1.29817002151,2010-10-22,2.08037955135
1.33567707775,2010-10-25,2.21218274244
1.33460167063,2010-10-26,2.20478612645
1.31329717679,2010-10-27,2.16940610917
1.31185020043,2010-10-28,2.20501591657
1.31055328088,2010-10-29,2.28095968393
1.3469492022,2010-11-01,2.48193454169
1.34233316899,2010-11-02,2.41559941053
1.32503019,2010-11-03,2.29714924096
1.35104360937,2010-11-04,2.37423221177
1.36823225936,2010-11-05,2.40536601657
1.38424189157,2010-11-08,2.40250500831
1.37965444061,2010-11-09,2.46507392425
1.37366288666,2010-11-10,2.44813917169
1.37377364288,2010-11-11,2.49348761787
1.28901298349,2010-11-12,2.34447648114
1.30533702044,2010-11-15,2.27708711909
1.25103789292,2010-11-16,2.09680832128
1.21788248408,2010-11-17,2.04667686843
1.23568207964,2010-11-18,2.11675915889
1.25455708232,2010-11-19,2.1077727148
1.25726525042,2010-11-22,2.09304142284
1.23279169971,2010-11-23,2.0590872611
1.26246721973,2010-11-24,2.10451927108
1.27940934782,2010-11-25,2.12184834479
1.26902684588,2010-11-26,2.14090982141
1.26906614647,2010-11-29,2.0839781352
1.24455329518,2010-11-30,2.07963834523
1.24467834252,2010-12-01,2.07172536816
1.25160239233,2010-12-02,2.10842201785
1.24992675799,2010-12-03,2.06853805446
1.24641114136,2010-12-06,2.02861841601
1.26097379722,2010-12-07,2.05316791486
1.25182033198,2010-12-08,2.05333946618
1.23082309732,2010-12-09,2.00390647425
1.24690418516,2010-12-10,2.02587292151
1.28476137395,2010-12-13,2.08148087009
1.29155323087,2010-12-14,2.11662242745
1.28438623193,2010-12-15,2.11039459628
1.2785804626,2010-12-16,2.09864914087
1.2779194981,2010-12-17,2.09432434205
1.26006273804,2010-12-20,2.07031602525
1.28438980471,2010-12-21,2.08621442708
1.27136701751,2010-12-22,2.08209913672
1.256586422,2010-12-23,2.04672588281
1.24397093185,2010-12-24,2.01273953671
1.21626044145,2010-12-27,1.94284474157
1.1925157381,2010-12-28,1.92811954845
1.2028875217,2010-12-29,1.95994953951
1.20460960221,2010-12-30,1.95947486176
1.2303157624,2010-12-31,1.99028630146
1.25297791307,2011-01-04,1.99800854773
1.25011968817,2011-01-05,1.98235521967
1.24367081824,2011-01-06,1.96632396824
1.24391019457,2011-01-07,1.96086318478
1.21739658585,2011-01-10,1.92834149587
1.22046203205,2011-01-11,1.94131966045
1.22739680022,2011-01-12,1.94986301067
1.22663222506,2011-01-13,1.93210449896
1.20548850636,2011-01-14,1.86928091602
1.15805269138,2011-01-17,1.79415691311
1.1601499139,2011-01-18,1.79573666165
1.18678499718,2011-01-19,1.84657612886
1.14668052906,2011-01-20,1.77691974899
1.15974976241,2011-01-21,1.79442079754
1.14409383552,2011-01-24,1.76644668235
1.1358085561,2011-01-25,1.75543996246
1.15281499425,2011-01-26,1.7808954731
1.17185077208,2011-01-27,1.81380344398
1.17785661715,2011-01-28,1.81520911944
1.19349110735,2011-01-31,1.85056437256
1.19504169436,2011-02-01,1.8405833718
1.18321221605,2011-02-09,1.81850136156
1.20972582478,2011-02-10,1.85258860335
1.21810399651,2011-02-11,1.86423363912
1.25205256276,2011-02-14,1.92866832351
1.2514380444,2011-02-15,1.91161868558
1.26588637127,2011-02-16,1.94992878882
1.26748340443,2011-02-17,1.94673188693
1.25461424682,2011-02-18,1.91867318322
1.27466469449,2011-02-21,1.93838337743
1.23861890573,2011-02-22,1.88109873983
1.24648974255,2011-02-23,1.87852482707
1.25441417108,2011-02-24,1.88157149462
1.25667574153,2011-02-25,1.87249368794
1.27291403174,2011-02-28,1.8897941401
1.2791485348,2011-03-01,1.87655219758
1.27490049805,2011-03-02,1.85206471628
1.26199203984,2011-03-03,1.81054869991
1.27998456559,2011-03-04,1.83489140781
1.30306473165,2011-03-07,1.86042632903
1.3057621814,2011-03-08,1.88167472757
1.30721630331,2011-03-09,1.88026856979
1.28784111128,2011-03-10,1.86566703266
1.27815887443,2011-03-11,1.8356192329
1.28600470178,2011-03-14,1.84207690133
1.26512894167,2011-03-15,1.80372246085
1.28240691119,2011-03-16,1.84347712801
1.26132750255,2011-03-17,1.77503437317
1.26819796066,2011-03-18,1.78880044139
1.26298884578,2011-03-21,1.78206103578
1.26751913224,2011-03-22,1.78299913209
1.28424332069,2011-03-23,1.80515511597
1.2812886307,2011-03-24,1.80781330672
1.29656584278,2011-03-25,1.83720110966
1.29458294926,2011-03-28,1.83071657475
1.27927715492,2011-03-29,1.83187626997
1.27559361758,2011-03-30,1.82038618892
1.26186341972,2011-03-31,1.79344092298
1.28040972654,2011-04-01,1.81063205865
1.29092799417,2011-04-06,1.81933285938
1.29690882977,2011-04-07,1.83614000163
1.3091884785,2011-04-08,1.85443724413
1.30066382273,2011-04-11,1.88750272932
1.29924542863,2011-04-12,1.9637877048
1.31565521233,2011-04-13,1.95122341347
1.30938855424,2011-04-14,1.93921851006
1.31171086197,2011-04-15,1.92437917233
1.31296133536,2011-04-18,1.96096337466
1.29047425097,2011-04-19,1.93493523488
1.29290374213,2011-04-20,1.89965643702
1.30151057186,2011-04-21,1.95679785643
1.29496166406,2011-04-22,1.94016049752
1.27307123411,2011-04-25,1.87365624857
1.2620563499,2011-04-26,1.82969256645
1.25205613554,2011-04-27,1.81169206448
1.22771120496,2011-04-28,1.75772093604
1.24208093064,2011-04-29,1.79039345036
1.25300292253,2011-05-03,1.84646551035
1.22231273268,2011-05-04,1.78663620022
1.22231630546,2011-05-05,1.82781707162
1.22249494451,2011-05-06,1.80426602229
1.22758615762,2011-05-09,1.80148972677
1.23625729741,2011-05-10,1.80420980743
1.23465311868,2011-05-11,1.78641207236
1.2177467184,2011-05-12,1.7398969179
1.22796129963,2011-05-13,1.74542424234
1.21990825098,2011-05-16,1.71569960531
1.22256997292,2011-05-17,1.71035593618
1.23144476123,2011-05-18,1.72646368774
1.2242956262,2011-05-19,1.70927364811
1.22344173151,2011-05-20,1.69370797509
1.18276919119,2011-05-23,1.61038077525
1.18319792493,2011-05-24,1.62233954652
1.16930695192,2011-05-25,1.58890170439
1.16278662637,2011-05-26,1.5754898064
1.14874916933,2011-05-27,1.55456245354
1.14057464612,2011-05-30,1.53491681198
1.16076085947,2011-05-31,1.5837350221
1.16465519089,2011-06-01,1.5887172104
1.14664480125,2011-06-02,1.56680353652
1.16057150207,2011-06-03,1.5990730126
1.16848163948,2011-06-07,1.60349111081
1.17080037443,2011-06-08,1.6259055719
1.14735221191,2011-06-09,1.58692009293
1.1510643315,2011-06-10,1.60896277763
1.14772020836,2011-06-13,1.58793933183
1.16498388676,2011-06-14,1.60067675287
1.15346881319,2011-06-15,1.59072232267
1.13382923535,2011-06-16,1.55621052762
1.12216767776,2011-06-17,1.5384859532
1.11326787998,2011-06-20,1.52774761263
1.12709454293,2011-06-21,1.54452319566
1.1257940506,2011-06-22,1.55656885067
1.14537289117,2011-06-23,1.57611264817
1.17257247387,2011-06-24,1.60895136925
1.17913567279,2011-06-27,1.6150225669
1.1810649746,2011-06-28,1.63468772603
1.16489814001,2011-06-29,1.60884902026
1.18206892609,2011-06-30,1.61749268886
1.18538803976,2011-07-01,1.6239193932
1.21383452307,2011-07-04,1.64065622887
1.21598176453,2011-07-05,1.64840014805
1.21421323787,2011-07-06,1.63460436415
1.21077979521,2011-07-07,1.62816815128
1.21262335027,2011-07-08,1.6366266315
1.21662843791,2011-07-11,1.63354996516
1.19585628845,2011-07-12,1.58897674162
1.21634976098,2011-07-13,1.61122736258
1.2217982522,2011-07-14,1.60774544367
1.22757186649,2011-07-15,1.5895933351
1.22570687475,2011-07-18,1.59291626029
1.21435972189,2011-07-19,1.576122635
1.21368803904,2011-07-20,1.56738821451
1.20004001515,2011-07-21,1.54786810925
1.20369139746,2011-07-22,1.55347853799
1.16250080388,2011-07-25,1.48219870729
1.16653804655,2011-07-26,1.47188758936
1.17808527514,2011-07-27,1.49150245506
1.17063245371,2011-07-28,1.47197657268
1.16456229858,2011-07-29,1.46323497982
1.16726332111,2011-08-01,1.46173685352
1.15887443103,2011-08-02,1.44655002057
1.15939605708,2011-08-03,1.45095965282
1.16257583228,2011-08-04,1.45993000914
1.13843455022,2011-08-05,1.42274699527
1.09340678971,2011-08-08,1.34904717223
1.09373548558,2011-08-09,1.34143684637
1.10530772364,2011-08-10,1.36678537106
1.12268215825,2011-08-11,1.4201232365
1.12854509207,2011-08-12,1.42923600179
1.14517996099,2011-08-15,1.44250549006
1.136773207,2011-08-16,1.43325205576
1.13211787319,2011-08-17,1.43667916459
1.11204956162,2011-08-18,1.40994371089
1.10165276855,2011-08-19,1.40479322027
1.09097729855,2011-08-22,1.39558819682
1.10815523019,2011-08-23,1.41770119275
1.10452528457,2011-08-24,1.41825842022
1.13769855731,2011-08-25,1.4416277305
1.13762710169,2011-08-26,1.44468633494
1.12099937834,2011-08-29,1.45814481885
1.11525077351,2011-08-30,1.43455592381
1.1152900741,2011-08-31,1.43890603892
1.10939855803,2011-09-01,1.41928627168
1.09722251995,2011-09-02,1.40625232145
1.07280613375,2011-09-05,1.37424200617
1.06468520226,2011-09-06,1.34291118866
1.08751527364,2011-09-07,1.38515995404
1.07781517289,2011-09-08,1.3695414272
1.074613961,2011-09-09,1.36713039471
1.06110884835,2011-09-13,1.34009312884
1.0679900248,2011-09-14,1.34427809383
1.06704681058,2011-09-15,1.34840088593
1.06842233131,2011-09-16,1.35123514954
1.04713570137,2011-09-19,1.32566261169
1.05151235825,2011-09-20,1.33086230704
1.08310646173,2011-09-21,1.36238062841
1.05031190379,2011-09-22,1.32218789326
1.04336999007,2011-09-23,1.30538525764
1.02208336013,2011-09-26,1.27736593653
1.03096886679,2011-09-27,1.28033210446
1.0185498796,2011-09-28,1.25907559434
1.00351918941,2011-09-29,1.23445729443
1.00060022723,2011-09-30,1.23208835665
0.9919933975,2011-10-10,1.22041077243
0.989553187993,2011-10-11,1.23504423715
1.02512022408,2011-10-12,1.27759748817
1.03366988932,2011-10-13,1.28782430924
1.03001850701,2011-10-14,1.28273223079
1.03460953075,2011-10-17,1.28902350391
1.00507692198,2011-10-18,1.2629493029
1.00092177753,2011-10-19,1.26510335284
0.975329946337,2011-10-20,1.24688669902
0.967101831408,2011-10-21,1.25550786806
0.991253831808,2011-10-24,1.28154180659
1.01237611381,2011-10-25,1.29088169938
1.02269073292,2011-10-26,1.29376436299
1.02467719923,2011-10-27,1.29845043884
1.04550651318,2011-10-28,1.31326092466
1.04292696521,2011-10-31,1.29777570566
1.04359864806,2011-11-01,1.30115258288
1.0613839525,2011-11-02,1.33797498591
1.06358835845,2011-11-03,1.32668739819
1.07142346746,2011-11-04,1.33109738212
1.06241291346,2011-11-07,1.32153797848
1.05613910981,2011-11-08,1.31755879016
1.06759701887,2011-11-09,1.33110437474
1.0484933582,2011-11-10,1.30017494631
1.04702494516,2011-11-11,1.29849629042
1.06941556446,2011-11-14,1.32510784004
1.07003008282,2011-11-15,1.33683394563
1.04159789063,2011-11-16,1.31331392667
1.03868250123,2011-11-17,1.30810286396
1.01493779788,2011-11-18,1.28217333324
1.01608466062,2011-11-21,1.28903782144
1.01544156002,2011-11-22,1.29750205319
1.00709197053,2011-11-23,1.29013942108
1.00801017528,2011-11-24,1.2867125663
1.00096107812,2011-11-25,1.28001118627
1.00218654205,2011-11-28,1.27585860186
1.01669203341,2011-11-29,1.28775071835
0.980910630453,2011-11-30,1.23542998497
1.00393363202,2011-12-01,1.26903349416
0.991028746597,2011-12-02,1.24261930654
0.972368110785,2011-12-05,1.21077067907
0.970885406618,2011-12-06,1.19161651075
0.974997677692,2011-12-07,1.18985427554
0.973932988917,2011-12-08,1.1840746589
0.965311868064,2011-12-09,1.16431295273
0.954707853687,2011-12-12,1.14263110674
0.930270030797,2011-12-13,1.11909595535
0.918769248358,2011-12-14,1.10178036177
0.896182126091,2011-12-15,1.08103457625
0.91690068383,2011-12-16,1.10121745532
0.915760966652,2011-12-19,1.11183395856
0.912956333469,2011-12-20,1.10676946414
0.896553695328,2011-12-21,1.0905570823
0.894284979314,2011-12-22,1.07260952876
0.901330503691,2011-12-23,1.07122675607
0.893284600599,2011-12-26,1.0709928087
0.8788612832,2011-12-27,1.04084278362
0.878579033491,2011-12-28,1.03033673999
0.879554402738,2011-12-29,1.03672088239
0.893427511844,2011-12-30,1.05582317131
0.874924078401,2012-01-04,1.03377455906
0.860629381123,2012-01-05,1.03664877795
0.865602692448,2012-01-06,1.03643426471
0.896417929645,2012-01-09,1.06543958318
0.927937004723,2012-01-10,1.08365682064
0.924646473308,2012-01-11,1.07652442392
0.924471407033,2012-01-12,1.08259292197
0.905224835116,2012-01-13,1.06768393051
0.88432763832,2012-01-16,1.05954369826
0.929058857996,2012-01-17,1.09259759815
0.913524405668,2012-01-18,1.08043035282
0.929015984623,2012-01-19,1.09936041073
0.942299584843,2012-01-20,1.12340973914
0.928262127806,2012-01-30,1.10082123001
0.92941970889,2012-01-31,1.10391674603
0.91737586372,2012-02-01,1.07407539159
0.937994383588,2012-02-02,1.10795278421
0.947372934039,2012-02-03,1.12085200499
0.948819910395,2012-02-06,1.11680743464
0.931759880526,2012-02-07,1.09359018463
0.957916211137,2012-02-08,1.13943840099
0.959824076257,2012-02-09,1.13858770097
0.962314304701,2012-02-10,1.1498375207
0.963950638456,2012-02-13,1.13749930972
0.961424682201,2012-02-14,1.12829692596
0.972911173516,2012-02-15,1.14642798887
0.96895253203,2012-02-16,1.13725138508
0.968448769891,2012-02-17,1.1362223275
0.970102967552,2012-02-20,1.13931167277
0.979288587823,2012-02-21,1.15068616558
0.99409062002,2012-02-22,1.16326695114
0.997409733685,2012-02-23,1.1737662115
1.01316927122,2012-02-24,1.19606559864
1.01613110678,2012-02-27,1.20074174448
1.0165812772,2012-02-28,1.20930258327
1.00512694091,2012-02-29,1.18893640843
1.00619877525,2012-03-01,1.21666626673
1.02486298384,2012-03-02,1.24720484233
1.02016120388,2012-03-05,1.2662752778
1.0056414214,2012-03-06,1.2624446856
0.998585178675,2012-03-07,1.25158917737
1.01196881677,2012-03-08,1.27318335233
1.02393048797,2012-03-09,1.2858403285
1.02260855895,2012-03-12,1.28362245097
1.03288745025,2012-03-13,1.29591324992
0.9992997349,2012-03-14,1.2139377685
0.990646459017,2012-03-15,1.18402268533
1.00808520368,2012-03-16,1.22018918924
1.01282628424,2012-03-19,1.23382082281
0.994140638956,2012-03-20,1.20493391099
0.996023494609,2012-03-21,1.21425531573
0.993679750191,2012-03-22,1.2099257781
0.979995998485,2012-03-23,1.18452851119
0.980460460031,2012-03-26,1.18421971264
0.977177074178,2012-03-27,1.1796071639
0.945522233417,2012-03-28,1.11066789818
0.932085003609,2012-03-29,1.09016243791
0.934893209572,2012-03-30,1.08505281076
0.959220276247,2012-04-05,1.11661722961
0.962732320093,2012-04-06,1.12460469542
0.952882162533,2012-04-09,1.1043473908
0.962721601749,2012-04-10,1.11703898478
0.963618369811,2012-04-11,1.1198052127
0.983065017471,2012-04-12,1.15520640708
0.988252695663,2012-04-13,1.17752749892
0.987102260141,2012-04-16,1.18263745161
0.974243820875,2012-04-17,1.15472764121
0.996455801125,2012-04-18,1.18050212813
0.994726575061,2012-04-19,1.1779129428
1.00570573146,2012-04-20,1.19758321014
0.996730905271,2012-04-23,1.19554418178
0.994715856717,2012-04-24,1.19458277999
1.00429805569,2012-04-25,1.21317894603
1.00462675156,2012-04-26,1.21270094143
1.00073599291,2012-04-27,1.20385292722
1.02082931395,2012-05-02,1.20750123405
1.02418058265,2012-05-03,1.19137051107
1.03280884906,2012-05-04,1.19082073955
1.03512401123,2012-05-07,1.18708571464
1.0325551816,2012-05-08,1.19030470983
1.01329074578,2012-05-09,1.1686700292
1.01411248544,2012-05-10,1.1666705325
1.00721344509,2012-05-11,1.16130704109
1.0007002651,2012-05-14,1.16527371801
1.00095035978,2012-05-15,1.17637895381
0.985601692069,2012-05-16,1.15407192964
1.00051448048,2012-05-17,1.16850650767
0.985112221055,2012-05-18,1.15054183833
0.98878146727,2012-05-21,1.15367515761
1.00421945451,2012-05-22,1.18150926181
1.00100752428,2012-05-23,1.18339059269
0.992729390412,2012-05-24,1.1791329431
0.98350804233,2012-05-25,1.16947467827
0.998949602349,2012-05-28,1.19179537493
1.01324787241,2012-05-29,1.19928177551
1.01120424161,2012-05-30,1.2193800667
1.00835316227,2012-05-31,1.22063973726
1.00801732084,2012-06-01,1.22568360397
0.978538303786,2012-06-04,1.20928968164
0.978206035142,2012-06-05,1.2086355693
0.976630438666,2012-06-06,1.21849276096
0.970978298927,2012-06-07,1.21626729385
0.964704495273,2012-06-08,1.19582201316
0.978884863555,2012-06-11,1.23482072813
0.972214481196,2012-06-12,1.2439764631
0.988299141818,2012-06-13,1.25332377908
0.9809963772,2012-06-14,1.23722340743
0.982950688475,2012-06-15,1.23299549982
0.989120881477,2012-06-18,1.24322615167
0.980828456487,2012-06-19,1.2293757342
0.977641535724,2012-06-20,1.21135160929
0.96297884199,2012-06-21,1.20521375205
0.940431020315,2012-06-25,1.17030350529
0.939759337463,2012-06-26,1.16974126732
0.93663315398,2012-06-27,1.1592848757
0.927211730155,2012-06-28,1.14518275801
0.940423874753,2012-06-29,1.16955036012
0.944014519782,2012-07-02,1.19494956881
0.945432913889,2012-07-03,1.18488278415
0.943146333969,2012-07-04,1.17536055509
0.927915568036,2012-07-05,1.17118781096
0.944632610917,2012-07-06,1.20439769398
0.92249208629,2012-07-09,1.20220085723
0.917608094493,2012-07-10,1.17264662697
0.925596833087,2012-07-11,1.21008125316
0.935468427333,2012-07-12,1.21642877266
0.93488606401,2012-07-13,1.22769196431
0.911995255347,2012-07-16,1.2091562369
0.917708132364,2012-07-17,1.18956421177
0.918969324101,2012-07-18,1.18003825437
0.924482125376,2012-07-19,1.19038042738
0.915503726411,2012-07-20,1.19088334772
0.903845741602,2012-07-23,1.18777232219
0.908429619785,2012-07-24,1.19882030393
0.901920012576,2012-07-25,1.19621621277
0.896314318992,2012-07-26,1.18486859395
0.895549743832,2012-07-27,1.16509119765
0.887339492808,2012-07-30,1.16449380109
0.882669867879,2012-07-31,1.15528479358
0.893863391141,2012-08-01,1.15015557841
0.885653140117,2012-08-02,1.15271626972
0.89532108584,2012-08-03,1.15898843803
0.909637219805,2012-08-06,1.16155656993
0.912624064825,2012-08-07,1.15937433344
0.912116729905,2012-08-08,1.16595154413
0.921648909944,2012-08-09,1.17444973976
0.917586657806,2012-08-10,1.16897525176
0.898640199504,2012-08-13,1.15661243009
0.902184398379,2012-08-14,1.15933346397
0.892287794665,2012-08-15,1.14165805718
0.88725017328,2012-08-16,1.13549227258
0.885456637155,2012-08-17,1.13204014503
0.882255425268,2012-08-20,1.13111380056
0.888750741352,2012-08-21,1.13067299401
0.881558732949,2012-08-22,1.12781101739
0.884913574425,2012-08-23,1.12561954679
0.873144833401,2012-08-24,1.12393285741
0.854051891073,2012-08-27,1.11307119602
0.858103424868,2012-08-28,1.1218647833
0.849864591595,2012-08-29,1.11342143234
0.845573681465,2012-08-30,1.11897813453
0.844351790321,2012-08-31,1.1134635229
0.855152307659,2012-09-03,1.11391674942
0.845888086204,2012-09-04,1.12632651038
0.845695156023,2012-09-05,1.14040711998
0.853265879226,2012-09-06,1.14841250755
0.889683237226,2012-09-07,1.19304292066
0.894334998249,2012-09-10,1.20200480027
0.889172329525,2012-09-11,1.18976668903
0.893252445569,2012-09-12,1.20136392393
0.883916768491,2012-09-13,1.17564799392
0.889433142547,2012-09-14,1.18275299777
0.866388704295,2012-09-17,1.15263109142
0.858717943221,2012-09-18,1.14925802793
0.863980649817,2012-09-19,1.16093792707
0.843240655391,2012-09-20,1.12123885474
0.84295126012,2012-09-21,1.12101138646
0.849253646023,2012-09-24,1.11987577893
0.846206063724,2012-09-25,1.10963445677
0.834130063524,2012-09-26,1.07912821309
0.858003386997,2012-09-27,1.10056751518
0.873837952939,2012-09-28,1.12035797619
0.866092163462,2012-10-08,1.09473956129
0.885996127105,2012-10-09,1.10730632025
0.889204484555,2012-10-10,1.10257806026
0.879743760138,2012-10-11,1.09311542875
0.879818788541,2012-10-12,1.08181390811
0.875885156524,2012-10-15,1.05165978734
0.877503626373,2012-10-16,1.0526063327
0.87876481811,2012-10-17,1.06353962461
0.892523598219,2012-10-18,1.07540863854
0.890862254997,2012-10-19,1.06647403409
0.894360007717,2012-10-22,1.05505358941
0.883227221734,2012-10-23,1.04705395934
0.881908865499,2012-10-24,1.03428973257
0.875038407397,2012-10-25,1.01604139029
0.85836423789,2012-10-26,0.97589058806
0.854594953804,2012-10-29,0.969713364997
0.855874009446,2012-10-30,0.978667003885
0.860679400059,2012-10-31,0.985922234502
0.877092756544,2012-11-01,1.0024939851
0.881069261935,2012-11-02,1.00840659245
0.878718371955,2012-11-05,1.00474873816
0.874466762417,2012-11-06,0.998898387383
0.872834001443,2012-11-07,0.997669128417
0.855420266244,2012-11-08,0.975091926311
0.853294461475,2012-11-09,0.97726246656
0.85772828285,2012-11-12,0.984759644936
0.842104510993,2012-11-13,0.966503074812
0.845791621114,2012-11-14,0.967946528934
0.833679893102,2012-11-15,0.956631573783
0.827777658685,2012-11-16,0.95089926772
0.827588301285,2012-11-19,0.953897142504
0.823876181697,2012-11-20,0.951977750085
0.834605243414,2012-11-21,0.965407987808
0.826938055121,2012-11-22,0.953095543133
0.831997113193,2012-11-23,0.95538179649
0.824744367511,2012-11-26,0.950366370844
0.810535416979,2012-11-27,0.93673430569
0.800131478345,2012-11-28,0.919280380713
0.794497202512,2012-11-29,0.929957828413
0.804225885514,2012-11-30,0.939828611492
0.790874402452,2012-12-03,0.929266592169
0.79967058958,2012-12-04,0.939849897432
0.828535088283,2012-12-05,0.97371273632
0.827177431456,2012-12-06,0.980492895198
0.843994512208,2012-12-07,0.999848557496
0.854444896997,2012-12-10,1.01206315563
0.849485876796,2012-12-11,1.00462516985
0.852222627137,2012-12-12,1.01046860259
0.84234746011,2012-12-13,1.00102292631
0.88318434836,2012-12-14,1.06377082398
0.888007602878,2012-12-17,1.06427016032
0.888068340157,2012-12-18,1.06205559494
0.889758265629,2012-12-19,1.06109569466
0.894363580498,2012-12-20,1.06252594438
0.890147698772,2012-12-21,1.05132707975
0.893906264514,2012-12-24,1.06317995691
0.918033255447,2012-12-25,1.10946188881
0.923310253167,2012-12-26,1.10968455138
0.917618812836,2012-12-27,1.10075453868
0.930223584643,2012-12-28,1.11743532181
0.945307866549,2012-12-31,1.1465139358
0.944582591981,2013-01-04,1.14948213202
0.949902463075,2013-01-07,1.16457099668
0.949337963658,2013-01-08,1.1525660818
0.950084674913,2013-01-09,1.14711693713
0.952767833537,2013-01-10,1.14488094577
0.933485533809,2013-01-11,1.12286249627
0.968295140303,2013-01-14,1.17791649799
0.977855902592,2013-01-15,1.18243224298
0.972403838596,2013-01-16,1.16918713629
0.962575117723,2013-01-17,1.1604518809
0.97864548722,2013-01-18,1.18856375183
0.984854980814,2013-01-21,1.22558726947
0.977162783054,2013-01-22,1.25061282727
0.980635526306,2013-01-23,1.2659668709
0.968773892974,2013-01-24,1.26349235377
0.965190393506,2013-01-25,1.25735731177
0.994037028304,2013-01-28,1.32198906671
1.00313332905,2013-01-29,1.34127840382
1.00803518475,2013-01-30,1.34604666016
1.00613803797,2013-01-31,1.3365979777
1.02433778502,2013-02-01,1.33866892199
1.02417700987,2013-02-04,1.31609517802
1.03340193073,2013-02-05,1.33330758061
1.03616011776,2013-02-06,1.35541411842
1.03239083367,2013-02-07,1.3772670052
1.03915053556,2013-02-08,1.40240472702
1.03046867743,2013-02-18,1.40441105894
1.01109348539,2013-02-19,1.37544739141
1.02086146898,2013-02-20,1.43000916804
0.98926021994,2013-02-21,1.39086816653
0.984436965423,2013-02-22,1.3614774115
0.98941742231,2013-02-25,1.38215901703
0.975033405504,2013-02-26,1.39249831165
0.983065017471,2013-02-27,1.37533421539
1.01058972325,2013-02-28,1.39670219988
1.01190807949,2013-03-01,1.41209685024
0.96774493201,2013-03-04,1.39427270307
0.99526606501,2013-03-05,1.45019772476
1.00686688532,2013-03-06,1.48469719786
0.995065989267,2013-03-07,1.42827014889
0.988867214017,2013-03-08,1.40253867468
0.984690632882,2013-03-11,1.40396399759
0.968166520183,2013-03-12,1.35721977385
0.957934075043,2013-03-13,1.35109901585
0.9609137745,2013-03-14,1.3891723564
0.962953832522,2013-03-15,1.41226813835
0.949237925786,2013-03-18,1.40856339826
0.956504962593,2013-03-19,1.39559359898
0.987027231738,2013-03-20,1.43403128494
0.990853680322,2013-03-21,1.46313771466
0.992790127691,2013-03-22,1.46827123236
0.990535702802,2013-03-25,1.43264551562
0.977891630403,2013-03-26,1.42182186865
0.98089991211,2013-03-27,1.45429328989
0.949738115144,2013-03-28,1.4143104824
0.948405467784,2013-03-29,1.39029515861
0.949398700937,2013-04-01,1.38982770158
0.944657620385,2013-04-02,1.32103703824
0.941792249923,2013-04-03,1.30781378899
0.939437787162,2013-04-08,1.34119765163
0.946576203849,2013-04-09,1.33153163548
0.944918433407,2013-04-10,1.33674469047
0.94184584164,2013-04-11,1.32574408546
0.935400544492,2013-04-12,1.32266863251
0.924957305266,2013-04-15,1.32166916853
0.933924985888,2013-04-16,1.34185073486
0.935514873488,2013-04-17,1.37727912713
0.938055120867,2013-04-18,1.40361516863
0.962768047904,2013-04-19,1.44032390476
0.962921677492,2013-04-22,1.462368111
0.933167556289,2013-04-23,1.43974587284
0.950981442975,2013-04-24,1.45545204035
0.939477087755,2013-04-25,1.42888450185
0.929366117173,2013-04-26,1.3666989327
0.931063188207,2013-05-02,1.37029817363
0.947865977834,2013-05-03,1.39291735998
0.961746232502,2013-05-06,1.42666897796
0.963350411227,2013-05-07,1.42081093028
0.969188335584,2013-05-08,1.42719946903
0.964961735514,2013-05-09,1.42414738038
0.970149413707,2013-05-10,1.43827174671
0.968102210122,2013-05-13,1.45438903523
0.954539932975,2013-05-14,1.43726741229
0.961592602914,2013-05-15,1.44854538861
0.977395013827,2013-05-16,1.46736740094
0.992432849579,2013-05-17,1.49757836855
1.00054663551,2013-05-20,1.49856113716
1.00527699772,2013-05-21,1.542189161
1.00416943557,2013-05-22,1.52753999279
0.991900505191,2013-05-23,1.53327522393
0.999839224849,2013-05-24,1.55240074457
1.00301900005,2013-05-27,1.56420466739
1.01648838489,2013-05-28,1.56422496556
1.01782460503,2013-05-29,1.5589489879
1.01600963222,2013-05-30,1.56908037439
1.00635597762,2013-05-31,1.57885766896
1.00351561663,2013-06-03,1.55415800118
0.9879239998,2013-06-04,1.51754098525
0.987438101567,2013-06-05,1.54624913297
0.973629302522,2013-06-06,1.49827679548
0.956233431228,2013-06-07,1.45656961965
0.925207399944,2013-06-13,1.43433853536
0.934646687675,2013-06-14,1.49791035261
0.931441903006,2013-06-17,1.51002580252
0.936572416701,2013-06-18,1.50932970576
0.929894888779,2013-06-19,1.50477385888
0.899183262235,2013-06-20,1.4357990654
0.896796644444,2013-06-21,1.43448624625
0.840478895582,2013-06-24,1.32617425959
0.837895774829,2013-06-25,1.3422789607
0.843076307459,2013-06-26,1.40863188143
0.837456322751,2013-06-27,1.37094318063
0.84921077265,2013-06-28,1.38513546772
0.857335276926,2013-07-01,1.44887004709
0.863380422589,2013-07-02,1.49213527031
0.858432120731,2013-07-03,1.51573037929
0.865409762267,2013-07-04,1.49447635221
0.865599119667,2013-07-05,1.47557469434
0.838738951174,2013-07-08,1.44346970968
0.839717893202,2013-07-09,1.47145554361
0.864134279406,2013-07-10,1.5103664133
0.900090748641,2013-07-11,1.55900017252
0.883177202798,2013-07-12,1.55211706962
0.89687881841,2013-07-15,1.60202822103
0.902720315548,2013-07-16,1.59925504598
0.88922234846,2013-07-17,1.60491080398
0.878064553009,2013-07-18,1.63410457143
0.856495673362,2013-07-19,1.5954037014
0.864230744496,2013-07-22,1.64559891615
0.888154086904,2013-07-23,1.68636092472
0.88467777087,2013-07-24,1.72399062585
0.876942699736,2013-07-25,1.64463206863
0.872701808542,2013-07-26,1.64135603056
0.854362723031,2013-07-29,1.60431483869
0.857270966866,2013-07-30,1.57499031753
0.859589701816,2013-07-31,1.59786710748
0.880658392106,2013-08-01,1.69217288316
0.882016048933,2013-08-02,1.70384407223
0.894863769856,2013-08-05,1.73012724122
0.901809256361,2013-08-06,1.76146145204
0.895774829042,2013-08-07,1.70485752815
0.895274639685,2013-08-08,1.71309469884
0.898790256311,2013-08-09,1.686179086
0.921927586872,2013-08-12,1.66772569102
0.92500375142,2013-08-13,1.69096143044
0.921163011712,2013-08-14,1.72021187757
0.909948051762,2013-08-15,1.71352641853
0.89989781846,2013-08-16,1.65860817393
0.91137001865,2013-08-19,1.70351348942
0.905246271803,2013-08-20,1.74134725283
0.905921527435,2013-08-21,1.7415195051
0.905146233931,2013-08-22,1.75384977292
0.899654869343,2013-08-23,1.77908975161
0.918701365517,2013-08-26,1.82110673007
0.922077643679,2013-08-27,1.83121939696
0.916525541812,2013-08-28,1.78575411318
0.913506541762,2013-08-29,1.77128125704
0.909837295548,2013-08-30,1.65676189683
0.913377921642,2013-09-02,1.55878024659
0.926865170386,2013-09-03,1.56258966626
0.926429291089,2013-09-04,1.56890696027
0.924292767976,2013-09-05,1.56023577345
0.9309131314,2013-09-06,1.63387717888
0.9575446419,2013-09-09,1.72008809854
0.970042230273,2013-09-10,1.85378274046
0.970002929681,2013-09-11,1.8530776486
0.977852329811,2013-09-12,1.87477019502
0.972757543927,2013-09-13,1.84642746359
0.969981492994,2013-09-16,1.80912179864
0.950734921077,2013-09-17,1.71948713928
0.954554224099,2013-09-18,1.73957740279
0.971131928516,2013-09-23,1.77191646908
0.963114607673,2013-09-24,1.76015250798
0.957869764982,2013-09-25,1.73246164967
0.939666445154,2013-09-26,1.65328993226
0.943667960013,2013-09-27,1.65045868836
0.950995734099,2013-09-30,1.66226544202
0.964740223084,2013-10-08,1.68037983239
0.970938998335,2013-10-09,1.72733868735
0.962492943757,2013-10-10,1.71210276411
0.978238190172,2013-10-11,1.72400289529
0.982082502662,2013-10-14,1.76410730684
0.980989231638,2013-10-15,1.80918877204
0.960410012362,2013-10-16,1.76266650618
0.957666116458,2013-10-17,1.72240974711
0.962249994641,2013-10-18,1.76786640266
0.981771670704,2013-10-21,1.83479802087
0.971628545092,2013-10-22,1.76669632876
0.957058743667,2013-10-23,1.6818972071
0.950141839411,2013-10-24,1.66177033299
0.935922170536,2013-10-25,1.59580218108
0.934321564592,2013-10-28,1.58471233604
0.929351826048,2013-10-29,1.52684848974
0.943567922142,2013-10-30,1.53870710295
0.930477252103,2013-10-31,1.50629628952
0.933021072263,2013-11-01,1.48202631351
0.933364059251,2013-11-04,1.48668250539
0.937494194231,2013-11-05,1.48611286809
0.926104168006,2013-11-06,1.47723288917
0.918962178539,2013-11-07,1.47642777438
0.905917954654,2013-11-08,1.46527538723
0.909254932224,2013-11-11,1.47286401345
0.918512008117,2013-11-12,1.48802251903
0.898972468149,2013-11-13,1.44001106755
0.906836159403,2013-11-14,1.45037137217
0.925235982193,2013-11-15,1.46890239596
0.953893259591,2013-11-18,1.49136669185
0.949820289109,2013-11-19,1.48472865292
0.955972618205,2013-11-20,1.50678287374
0.950795658356,2013-11-21,1.50308545849
0.945836638156,2013-11-22,1.50023285465
0.942914103196,2013-11-25,1.5062897752
0.942949831007,2013-11-26,1.50434884843
0.953671747161,2013-11-27,1.50608588175
0.963086025424,2013-11-28,1.51687976343
0.964443682251,2013-11-29,1.51090030922
0.947276468949,2013-12-02,1.42254278839
0.959999142533,2013-12-03,1.45057121587
0.974125919098,2013-12-04,1.47707439468
0.971828620835,2013-12-05,1.46948285191
0.966555195896,2013-12-06,1.4445631953
0.968002172251,2013-12-09,1.46227771695
0.968895367532,2013-12-10,1.46215103037
0.954268401609,2013-12-11,1.44383951378
0.954125490364,2013-12-12,1.45591859116
0.953686038286,2013-12-13,1.45773823707
0.938058693648,2013-12-16,1.43290606685
0.933178274633,2013-12-17,1.41649480796
0.933428369311,2013-12-18,1.40190654912
0.923685395185,2013-12-19,1.39464686134
0.904717500197,2013-12-20,1.39157875347
0.90635026117,2013-12-23,1.39033930197
0.909047710919,2013-12-24,1.39990823612
0.916496959563,2013-12-25,1.41119083731
0.900708839775,2013-12-26,1.39555825877
0.915535881441,2013-12-27,1.42564150977
0.91512143883,2013-12-30,1.42263010602
0.925118080416,2013-12-31,1.42419695737
0.923928344302,2014-01-02,1.44333920244
0.912774121632,2014-01-03,1.42270955891
0.890837245529,2014-01-06,1.40239475035
0.892073427798,2014-01-07,1.40448936285
0.89350968581,2014-01-08,1.41971524185
0.885077922356,2014-01-09,1.41748792929
0.875752963622,2014-01-10,1.40229608187
0.87142632568,2014-01-13,1.38062125086
0.881537296262,2014-01-14,1.39945538258
0.881926729405,2014-01-15,1.41860024857
0.883166484455,2014-01-16,1.40867824673
0.870701051112,2014-01-17,1.39291871132
0.865284714928,2014-01-20,1.37526403603
0.875088426333,2014-01-21,1.37495744795
0.897868478781,2014-01-22,1.40252007946
0.89602135094,2014-01-23,1.40981886944
0.903652811421,2014-01-24,1.43012374319
0.894853051512,2014-01-27,1.42522114281
0.895499724896,2014-01-28,1.432212083
0.899997856331,2014-01-29,1.44487292818
0.891105204113,2014-01-30,1.44897445215
0.898575889444,2014-02-07,1.50847154709
0.922091934804,2014-02-10,1.53528257948
0.927754792886,2014-02-11,1.49749944359
0.932245778759,2014-02-12,1.52273265988
0.924989460296,2014-02-13,1.45369785515
0.934064324351,2014-02-14,1.48140387408
0.943707260606,2014-02-17,1.5113355312
0.934796744482,2014-02-18,1.52270167195
0.942531815616,2014-02-19,1.49990583569
0.932603056872,2014-02-20,1.50720987068
0.924092692233,2014-02-21,1.51085124747
0.908436765347,2014-02-24,1.54651811892
0.882752041844,2014-02-25,1.49638409392
0.885999699886,2014-02-26,1.50454595648
0.879961699786,2014-02-27,1.49154017359
0.889854730719,2014-02-28,1.49616661183
0.898393677607,2014-03-03,1.51346187047
0.896650160418,2014-03-04,1.51938489274
0.88931524077,2014-03-05,1.53359256381
0.891841197025,2014-03-06,1.54281026853
0.889018699936,2014-03-07,1.52714412707
0.858732234346,2014-03-10,1.48607446607
0.862179968131,2014-03-11,1.48735505851
0.863880611946,2014-03-12,1.46061423353
0.874184512708,2014-03-13,1.47046292304
0.867899990711,2014-03-14,1.47326727341
0.87873266308,2014-03-17,1.49323100871
0.8786719258,2014-03-18,1.50087712821
0.873059086654,2014-03-19,1.49784717063
0.856570701766,2014-03-20,1.46338938445
0.882448355449,2014-03-21,1.49729803198
0.889765411191,2014-03-24,1.51134255045
0.889472443139,2014-03-25,1.50829986352
0.88912588337,2014-03-26,1.52042569355
0.881015670218,2014-03-27,1.50190581277
0.874988388461,2014-03-28,1.50049511565
0.871772885449,2014-03-31,1.48314661711
0.880408297427,2014-04-01,1.50873901202
0.885746032427,2014-04-02,1.56838531802
0.880762002758,2014-04-03,1.53244528251
0.889472443139,2014-04-04,1.55111546635
0.907375649353,2014-04-08,1.55719573908
0.910069526321,2014-04-09,1.54929632376
0.921677492193,2014-04-10,1.54125122843
0.919662443639,2014-04-11,1.52353840561
0.920945072063,2014-04-14,1.52128721246
0.90759001622,2014-04-15,1.50066879694
0.908361736943,2014-04-16,1.50982419492
0.905782188972,2014-04-17,1.50892563084
0.906582491943,2014-04-18,1.51301536373
0.891630402938,2014-04-21,1.48491123665
0.893298891723,2014-04-22,1.48597136704
0.891548228972,2014-04-23,1.48344065701
0.88753599577,2014-04-24,1.49703968767
0.875610052377,2014-04-25,1.48565947814
0.858678642629,2014-04-28,1.4851411853
0.868989688954,2014-04-29,1.48824075424
0.870751070048,2014-04-30,1.49388878751
0.872119445219,2014-05-05,1.49164925278
0.873605722166,2014-05-06,1.4776206867
0.863459023773,2014-05-07,1.48837690647
0.863176774064,2014-05-08,1.47717093618
0.86033284029,2014-05-09,1.47398698128
0.879961699786,2014-05-12,1.50033300379
0.878064553009,2014-05-13,1.49512734163
0.877142775479,2014-05-14,1.49795322264
0.864348646273,2014-05-15,1.480491059
0.864541576454,2014-05-16,1.47443515375
0.854144783382,2014-05-19,1.44373802765
0.854977241384,2014-05-20,1.44455980528
0.862880233231,2014-05-21,1.45794890087
0.861322500661,2014-05-22,1.45721690672
0.869014698422,2014-05-23,1.47785513618
0.873798652347,2014-05-26,1.48270498331
0.870668896082,2014-05-27,1.47105902307
0.879868807477,2014-05-28,1.48695583408
0.873209143461,2014-05-29,1.48815839088
0.874052319807,2014-05-30,1.48808529985
0.871826477166,2014-06-03,1.45457448309
0.86325894803,2014-06-04,1.4589893453
0.87250530558,2014-06-05,1.46711224741
0.866971067618,2014-06-06,1.45004315909
0.865534809606,2014-06-09,1.4307769462
0.876138823983,2014-06-10,1.48555275029
0.877121338793,2014-06-11,1.47471156171
0.874459616855,2014-06-12,1.48381787351
0.883770284465,2014-06-13,1.51830916799
0.889833294033,2014-06-16,1.54387050055
0.881072834716,2014-06-17,1.57582246202
0.876971281985,2014-06-18,1.55130192178
0.860786583492,2014-06-19,1.46396637734
0.865770613161,2014-06-20,1.47630027774
0.866638798974,2014-06-23,1.47368413614
0.871247686624,2014-06-24,1.49133434666
0.866306530329,2014-06-25,1.45375670961
0.873912981343,2014-06-26,1.49805032624
0.875956612146,2014-06-27,1.50873530429
0.88254839332,2014-06-30,1.51566819047
0.88404181583,2014-07-01,1.51772992891
0.887611024173,2014-07-02,1.55500913195
0.892863012426,2014-07-03,1.54941481947
0.891487491693,2014-07-04,1.56093899912
0.891391026603,2014-07-07,1.6199246529
0.894188514223,2014-07-08,1.65120646833
0.881258619334,2014-07-09,1.64546457991
0.879515102146,2014-07-10,1.64032706236
0.883981078551,2014-07-11,1.68354419435
0.894778023109,2014-07-14,1.71326104654
0.895871294133,2014-07-15,1.7136095384
0.892737965087,2014-07-16,1.64238479542
0.886764275047,2014-07-17,1.57283859915
0.889540325981,2014-07-18,1.54413086447
0.889415278641,2014-07-21,1.58554803585
0.900498045689,2014-07-22,1.6203780393
0.900394435036,2014-07-23,1.62402565521
0.911788034041,2014-07-24,1.60112005018
0.920912917033,2014-07-25,1.60494239563
0.944518281921,2014-07-28,1.67843750757
0.949170042945,2014-07-29,1.73757075962
0.946837016871,2014-07-30,1.75216756061
0.957791163798,2014-07-31,1.7824797727
0.948734163648,2014-08-01,1.74119628086
0.96663379708,2014-08-04,1.79239002371
0.966101452693,2014-08-05,1.82747524838
0.966055006538,2014-08-06,1.84547145886
0.952857153065,2014-08-07,1.82199712601
0.955529593346,2014-08-08,1.80821257398
0.969681379379,2014-08-11,1.82971995785
0.968641700072,2014-08-12,1.81911139436
0.969313382924,2014-08-13,1.83713084423
0.960778008818,2014-08-14,1.81798992305
0.971174801889,2014-08-15,1.83590817497
0.978999192551,2014-08-18,1.85399190481
0.979888815051,2014-08-19,1.87603912148
0.977370004359,2014-08-20,1.87317541787
0.973736485955,2014-08-21,1.85906565718
0.978649060001,2014-08-22,1.87421137132
0.969860018436,2014-08-25,1.85856770706
0.95938819696,2014-08-26,1.80652410719
0.961267479832,2014-08-27,1.79694862077
0.9539861519,2014-08-28,1.78760253935
0.964836688175,2014-08-29,1.80125403073
0.974794029168,2014-09-01,1.83940507871
0.988245550101,2014-09-02,1.86493799378
0.996866670954,2014-09-03,1.87152087761
1.00443739416,2014-09-04,1.89103389307
1.01239040494,2014-09-05,1.89091026994
1.01338006531,2014-09-09,1.90966158801
1.01011097058,2014-09-10,1.92383069783
1.00715270781,2014-09-11,1.91697614456
1.01477344995,2014-09-12,1.94903313142
1.01756379201,2014-09-15,1.96778692342
0.993229579769,2014-09-16,1.90671257654
0.999446218926,2014-09-17,1.93724424697
1.00365495509,2014-09-18,1.9611986888
1.01100059308,2014-09-19,1.9715016997
0.993336763203,2014-09-22,1.94273847214
1.00313332905,2014-09-23,1.97695460726
1.01945022044,2014-09-24,1.99289133645
1.01794250681,2014-09-25,1.97142502466
1.01895360386,2014-09-26,1.97096065327
1.02502733178,2014-09-29,1.99549863774
1.02836430935,2014-09-30,2.00125852753
1.04125133086,2014-10-08,2.02266936501
1.04295554746,2014-10-09,2.02695605794
1.03710333198,2014-10-10,2.01358812176
1.03365917097,2014-10-13,2.03221886212
1.03015427269,2014-10-14,2.0446684503
1.0366067154,2014-10-15,2.04843049897
1.02580619806,2014-10-16,2.00919125549
1.02219768913,2014-10-17,1.96179844397
1.03027217447,2014-10-20,1.99379759501
1.0211794465,2014-10-21,1.96293314124
1.01320499904,2014-10-22,1.94901203011
1.00213652311,2014-10-23,1.89810729486
1.00179710891,2014-10-24,1.89400587364
0.997502625994,2014-10-27,1.89290139199
1.01877496481,2014-10-28,1.95785434362
1.03316969996,2014-10-29,2.03712992805
1.0384038243,2014-10-30,2.05396148068
1.04965093928,2014-10-31,2.05319421579
1.05351668846,2014-11-03,2.12540269136
1.05213759495,2014-11-04,2.17839891956
1.04876846235,2014-11-05,2.15100470893
1.05136587422,2014-11-06,2.140782179
1.04726074871,2014-11-07,2.12040106614
1.06936197275,2014-11-10,2.21966009743
1.05798981043,2014-11-11,2.23472880337
1.07373148406,2014-11-12,2.24788921811
1.0667216875,2014-11-13,2.26345421312
1.06637155495,2014-11-14,2.24610005498
1.06526756558,2014-11-17,2.20738435149
1.05825419623,2014-11-18,2.16825408196
1.05809699386,2014-11-19,2.16783247251
1.05741101989,2014-11-20,2.15718041227
1.07451749591,2014-11-21,2.18695910644
1.09904821111,2014-11-24,2.23638846455
1.1145326445,2014-11-25,2.26781192644
1.12715528021,2014-11-26,2.27399923537
1.13874895496,2014-11-27,2.30757740531
1.15441202741,2014-11-28,2.44590092761
1.15535881441,2014-12-01,2.47573146498
1.19041137002,2014-12-02,2.65604109845
1.20708911231,2014-12-03,2.64532664015
1.25448205392,2014-12-04,2.81238503613
1.25322800775,2014-12-05,2.93250675082
1.29590130549,2014-12-08,3.0821510612
1.23934060752,2014-12-09,2.91559068524
1.28426118459,2014-12-10,3.02098831489
1.2778623336,2014-12-11,2.91149752645
1.28327866978,2014-12-12,2.91660735788
1.29606565343,2014-12-15,2.94643483242
1.32269001836,2014-12-16,3.1212725239
1.3362165677,2014-12-17,3.31631094179
1.33198282207,2014-12-18,3.26358253166
1.34067897132,2014-12-19,3.3428136049
1.32997491908,2014-12-22,3.44000292804
1.3025431056,2014-12-23,3.34244016218
1.27934503776,2014-12-24,3.15091525537
1.31653411649,2014-12-25,3.31587735507
1.35247986738,2014-12-26,3.47493151543
1.35176173837,2014-12-29,3.51076598122
1.3464561584,2014-12-30,3.60396765563
1.37173001208,2014-12-31,3.69822806038
1.40923349554,2015-01-05,3.76821763446
1.41310996306,2015-01-06,3.71884928782
1.41444261042,2015-01-07,3.68322060263
1.3869250502,2015-01-08,3.51072475984
1.38102996134,2015-01-09,3.55613357884
1.36644944157,2015-01-12,3.49657777273
1.37122982272,2015-01-13,3.46405755574
1.3662172108,2015-01-14,3.52499119522
1.40035156166,2015-01-15,3.7018633075
1.41394599384,2015-01-16,3.74526958711
1.31695570466,2015-01-19,3.30461028254
1.34110413228,2015-01-20,3.27898806469
1.39457794737,2015-01-21,3.52771753609
1.40504976884,2015-01-22,3.5098218774
1.40263099602,2015-01-23,3.53918007147
1.42122732177,2015-01-26,3.50106229736
1.41250616305,2015-01-27,3.41195501072
1.39584628466,2015-01-28,3.35127072122
1.38065839211,2015-01-29,3.26183721683
1.36244435393,2015-01-30,3.22716678144
1.33744560441,2015-02-02,3.08968720399
1.36808934811,2015-02-03,3.11491826576
1.35613839525,2015-02-04,3.07743839744
1.34409455008,2015-02-05,3.13352080778
1.32055349525,2015-02-06,3.10178827247
1.32844219597,2015-02-09,3.07112702528
1.35109720108,2015-02-10,3.09871404137
1.36293382495,2015-02-11,3.12900642289
1.36801074693,2015-02-12,3.17251568123
1.38149442289,2015-02-13,3.27132037343
1.39656084089,2015-02-16,3.37984610673
1.4058715085,2015-02-17,3.43827695829
1.39284514852,2015-02-25,3.43362361962
1.42244921292,2015-02-26,3.45255619081
1.42747968874,2015-02-27,3.54057018699
1.44351433043,2015-03-02,3.61301292756
1.41488563528,2015-03-03,3.55829888776
1.42743324258,2015-03-04,3.64401766236
1.4172651075,2015-03-05,3.67630547078
1.40721844698,2015-03-06,3.52816144669
1.42957333848,2015-03-09,3.62427322343
1.42865870651,2015-03-10,3.64901634133
1.42898025681,2015-03-11,3.66310589516
1.44875560033,2015-03-12,3.65664137986
1.46042787627,2015-03-13,3.72541042092
1.49807069819,2015-03-16,3.88831726487
1.51955740387,2015-03-17,3.87698474152
1.55255918312,2015-03-18,3.98734583466
1.55417408019,2015-03-19,3.98883478577
1.57397443318,2015-03-20,4.10003742058
1.60779080652,2015-03-23,4.29148648331
1.60992375685,2015-03-24,4.32524276002
1.60539347039,2015-03-25,4.34084927991
1.60498617334,2015-03-26,4.09932421334
1.61651911081,2015-03-27,4.13093400223
1.65626630081,2015-03-30,4.07603044694
1.64594453615,2015-03-31,4.11094226449
1.67818174023,2015-04-01,4.20630915163
1.68702794629,2015-04-02,4.35180649517
1.70793943421,2015-04-03,4.46878258704
1.7458359236,2015-04-07,4.70750011052
1.75276711898,2015-04-08,4.75787001294
1.73899047497,2015-04-09,4.65127966603
1.776158117,2015-04-10,4.72377349509
1.80943142761,2015-04-13,4.79537430237
1.81424753657,2015-04-14,4.82225729588
1.77719065075,2015-04-15,4.53130797985
1.82303657813,2015-04-16,4.53897081192
1.85154379872,2015-04-17,4.59962312544
1.82088219112,2015-04-20,4.49589619406
1.86667809957,2015-04-21,4.66602820814
1.91536081517,2015-04-22,4.8264589526
1.92123804012,2015-04-23,4.87407338522
1.91059472515,2015-04-24,4.94628704804
1.9472478867,2015-04-27,4.91347439907
1.91233109677,2015-04-28,4.63191607083
1.9321243042,2015-04-29,4.73906045626
1.92762617277,2015-04-30,4.7598682412
1.941284915,2015-05-04,4.834391316
1.86567772085,2015-05-05,4.50364586631
1.845548672,2015-05-06,4.32968765318
1.80978870572,2015-05-07,4.07985696756
1.85457351712,2015-05-08,4.23945323726
1.91592888736,2015-05-11,4.40878289982
1.94449684523,2015-05-12,4.48435577532
1.94108126648,2015-05-13,4.44923548066
1.93518617762,2015-05-14,4.37013997719
1.90635383395,2015-05-15,4.27936337597
1.90423160196,2015-05-18,4.23320456402
1.96393634733,2015-05-19,4.36963991224
1.98058193459,2015-05-20,4.41027523448
2.02748897797,2015-05-21,4.44734060327
2.06987288045,2015-05-22,4.61960797407
2.12985987552,2015-05-25,4.84304664752
2.18013605151,2015-05-26,4.90128848101
2.18288709297,2015-05-27,4.95520143339
2.04128348589,2015-05-28,4.54526816789
2.04952946473,2015-05-29,4.53932404811
2.1515180747,2015-06-01,4.7152122374
2.20187999743,2015-06-02,4.83375592436
2.20248022466,2015-06-03,4.77986951393
2.21261977749,2015-06-04,4.67921656002
2.23837595661,2015-06-05,4.72992324805
2.26720115472,2015-06-08,4.57904230713
2.25549315098,2015-06-09,4.65388025059
2.26539690026,2015-06-10,4.74165134529
2.27471114065,2015-06-11,4.8970712767
2.29446504748,2015-06-12,4.8792990931
2.24755443132,2015-06-15,4.77212539667
2.17316198275,2015-06-16,4.46095830244
2.20876474665,2015-06-17,4.49036674093
2.12427919141,2015-06-18,4.30641974606
1.99126812293,2015-06-19,4.01109973168
2.03895760538,2015-06-23,4.00733232788
2.08047332204,2015-06-24,4.11088418221
2.00669539183,2015-06-25,3.89542042965
1.84577018443,2015-06-26,3.54876214956
1.76615790263,2015-06-29,3.28984419512
1.87553859675,2015-06-30,3.46768565249
1.77981664487,2015-07-01,3.33637506542
1.70112256783,2015-07-02,3.3841525033
1.60567929288,2015-07-03,3.22563384004
1.63155694656,2015-07-06,3.44849564286
1.58135579898,2015-07-07,3.59799092131
1.4930152129,2015-07-08,3.45023511014
1.58062695163,2015-07-09,3.60037678852
1.66403352698,2015-07-10,3.65108760777
1.72315590902,2015-07-13,3.5663275003
1.7038343087,2015-07-14,3.53942552862
1.63266808149,2015-07-15,3.55702518955
1.65248629838,2015-07-16,3.51367804475
1.7238990475,2015-07-17,3.53643076682
1.73416722045,2015-07-20,3.51449304142
1.7422202691,2015-07-21,3.46657819877
1.74580734135,2015-07-22,3.43610965081
1.78788755743,2015-07-23,3.48551078992
1.75797266108,2015-07-24,3.43533442016
1.61308566815,2015-07-27,3.1877822496
1.60185284429,2015-07-28,3.22701433797
1.66029282514,2015-07-29,3.23959701057
1.61250330482,2015-07-30,3.17656362443
1.60831243256,2015-07-31,3.17061512108
1.60040229515,2015-08-03,3.21088056193
1.6605286287,2015-08-04,3.33265370904
1.63012783411,2015-08-05,3.26008485041
1.61682994276,2015-08-06,3.21076995831
1.65277926644,2015-08-07,3.27768302785
1.72888307716,2015-08-10,3.3914500454
1.72621420967,2015-08-11,3.36805263062
1.70512408269,2015-08-12,3.31195715438
1.73497466898,2015-08-13,3.33181681681
1.74005516374,2015-08-14,3.32546390267
1.75347452964,2015-08-17,3.3325388403
1.63788434193,2015-08-18,3.19349143868
1.66700250809,2015-08-19,3.27809047013
1.6120352705,2015-08-20,3.2297034628
1.53408433193,2015-08-21,3.1104557293
1.40357063746,2015-08-24,2.90598925381
1.30220726418,2015-08-25,2.77549971028
1.28201747805,2015-08-26,2.76460041981
1.34872487442,2015-08-27,2.87413909388
1.41315283643,2015-08-28,2.97094772597
1.40406725403,2015-08-31,2.92712408038
1.3771392027,2015-09-01,3.00892516649
1.37534923935,2015-09-02,3.09069320135
1.34256182698,2015-09-07,2.90495201159
1.38162661579,2015-09-08,2.93857890725
1.41187020801,2015-09-09,2.95306645813
1.39265221834,2015-09-10,2.9535224318
1.39288087633,2015-09-11,2.93102881863
1.34579519389,2015-09-14,2.96095686538
1.28645844498,2015-09-15,2.95312289097
1.35628487928,2015-09-16,2.96983944449
1.32750612732,2015-09-17,2.93109436455
1.33616654876,2015-09-18,2.91687011912
1.36627794808,2015-09-21,2.91113804984
1.37820389147,2015-09-22,2.92844758503
1.35130442239,2015-09-23,2.88402992558
1.36342329596,2015-09-24,2.88356669857
1.33489821147,2015-09-25,2.90616833746
1.34500560927,2015-09-28,2.88192501521
1.31890644315,2015-09-29,2.84974984176
1.32727746933,2015-09-30,2.85409565718
1.37038307359,2015-10-08,2.88749863612
1.38934025024,2015-10-09,2.90585155541
1.43659028061,2015-10-12,3.00313448789
1.44098480139,2015-10-13,2.99872217433
1.42465719165,2015-10-14,2.97097084128
1.46123175202,2015-10-15,3.03422168681
1.48255053699,2015-10-16,3.06371447255
1.48257197368,2015-10-19,3.05530385835
1.50256525685,2015-10-20,3.08224883744
1.44377514345,2015-10-21,2.9877768192
1.4745617984,2015-10-22,3.02809070346
1.49917468756,2015-10-23,3.07657278029
1.5075135587,2015-10-26,3.09234771821
1.51136144398,2015-10-27,3.09453924224
1.47993168842,2015-10-28,3.04587810981
1.48614118202,2015-10-29,3.04069825866
1.48487999028,2015-10-30,3.06556329019
1.45846999221,2015-11-02,3.05201098159
1.45436129392,2015-11-03,3.03566549304
1.52417343709,2015-11-04,3.17072071192
1.54758944458,2015-11-05,3.15850759585
1.58401037536,2015-11-06,3.2361938288
1.60392505734,2015-11-09,3.27487941153
1.60376070941,2015-11-10,3.26665934584
1.61069547757,2015-11-11,3.32332347796
1.59923042295,2015-11-12,3.37612310622
1.57755435986,2015-11-13,3.31257422049
1.59227064532,2015-11-16,3.35654354403
1.58631839196,2015-11-17,3.33620641749
1.56599641293,2015-11-18,3.27895506728
1.59546113886,2015-11-19,3.39053023894
1.6007345638,2015-11-20,3.45057987426
1.59065574825,2015-11-23,3.37808763716
1.59419637434,2015-11-24,3.4221144768
1.61008810478,2015-11-25,3.46895702327
1.60053091528,2015-11-26,3.46910260108
1.50975011969,2015-11-27,3.26381523707
1.51454121918,2015-11-30,3.24326032431
1.52422345602,2015-12-01,3.20585740464
1.56036213709,2015-12-02,3.12551218159
1.57867621314,2015-12-03,3.19752510345
1.55382394764,2015-12-04,3.18373380006
1.56240934068,2015-12-07,3.2426382746
1.53100816738,2015-12-08,3.1464668042
1.532973197,2015-12-09,3.10251550396
1.52767833537,2015-12-10,3.09402918499
1.51954311275,2015-12-11,3.09708822382
1.55933674891,2015-12-14,3.14608421929
1.55799695599,2015-12-15,3.17446599086
1.55735028261,2015-12-16,3.21030793889
1.58984115415,2015-12-17,3.29912570718
1.59229565478,2015-12-18,3.32592051218
1.6266836731,2015-12-21,3.37312213147
1.63415078565,2015-12-22,3.38279072826
1.62583692398,2015-12-23,3.35858098605
1.6137180504,2015-12-24,3.3651234834
1.6187735357,2015-12-25,3.37715193689
1.57440316691,2015-12-28,3.29613575895
1.58894081331,2015-12-29,3.34303156827
1.59413206428,2015-12-30,3.38387371195
1.57630388647,2015-12-31,3.33378755992
1.45933817802,2016-01-04,3.11925653291
1.45625486791,2016-01-05,3.08342064128
1.48528728733,2016-01-06,3.13081790681
1.37512772693,2016-01-07,2.94528071985
1.40167706346,2016-01-08,2.97063167152
1.32412270359,2016-01-11,2.83707144799
1.33145047768,2016-01-12,2.8593581573
1.30044945587,2016-01-13,2.81588056502
1.33241870137,2016-01-14,2.86442164721
1.28763388997,2016-01-15,2.79479760294
1.2965444061,2016-01-18,2.80801232371
1.33744560441,2016-01-19,2.86173910999
1.31944236032,2016-01-20,2.82384765
1.27623671819,2016-01-21,2.74613171301
1.2915853859,2016-01-22,2.78226430254
1.29994926651,2016-01-25,2.79181569662
1.21610323908,2016-01-26,2.64570720253
1.20837174073,2016-01-27,2.59840364861
1.17053956141,2016-01-28,2.53541478772
1.21014026739,2016-01-29,2.61661128473
1.19252288366,2016-02-01,2.58378794134
1.22204120131,2016-02-02,2.60229751166
1.21980464033,2016-02-03,2.58429115795
1.23743988796,2016-02-04,2.59941792377
1.2276647588,2016-02-05,2.5940163544
1.222895096,2016-02-15,2.57078710836
1.26422145527,2016-02-16,2.61204190153
1.2762903099,2016-02-17,2.62095162257
1.27256389919,2016-02-18,2.61554340266
1.2733570566,2016-02-19,2.60710301374
1.30094964522,2016-02-22,2.64518795098
1.29019200126,2016-02-23,2.61999170855
1.29867735643,2016-02-24,2.62278717712
1.21204098695,2016-02-25,2.55961197623
1.22207692912,2016-02-26,2.57755122093
1.18250480539,2016-02-29,2.54180636285
1.20591009454,2016-03-01,2.58285879089
1.25897661257,2016-03-02,2.70053377315
1.26256368482,2016-03-03,2.69485778431
1.26314604815,2016-03-04,2.71987378112
1.27463968502,2016-03-07,2.780343758
1.2762152815,2016-03-08,2.75604977602
1.25641135573,2016-03-09,2.62690577904
1.23315612339,2016-03-10,2.53066677312
1.23384567015,2016-03-11,2.48598276464
1.25923385282,2016-03-14,2.46183877855
1.25869079008,2016-03-15,2.36919775704
1.25829778416,2016-03-16,2.34882782148
1.2799059644,2016-03-17,2.39287775739
1.30676970567,2016-03-18,2.4488498123
1.33899619142,2016-03-21,2.5181897766
1.33054299128,2016-03-22,2.46270879804
1.33631303279,2016-03-23,2.46034876608
1.31404388804,2016-03-24,2.3739147657
1.32245421481,2016-03-25,2.38511577345
1.31170728919,2016-03-28,2.36306478966
1.29431141789,2016-03-29,2.33239275969
1.33166841733,2016-03-30,2.38712574342
1.3333583428,2016-03-31,2.39793276585
1.33249730255,2016-04-01,2.37462718999
1.35523448163,2016-04-05,2.46273464324
1.35552030412,2016-04-06,2.53744751737
1.33539482804,2016-04-07,2.49312056987
1.32467291189,2016-04-08,2.46186658504
1.34625965544,2016-04-11,2.50305039756
1.3395857003,2016-04-12,2.47266875884
1.3579640864,2016-04-13,2.5028646672
1.36584564156,2016-04-14,2.51079915654
1.36367339064,2016-04-15,2.48790349071
1.34431963529,2016-04-18,2.44985346257
1.3489178046,2016-04-19,2.46446551616
1.31406175195,2016-04-20,2.28745709025
1.30481182162,2016-04-21,2.20735577056
1.31157509629,2016-04-22,2.25006644799
1.30569787134,2016-04-25,2.24979323298
1.31506213066,2016-04-26,2.27774060018
1.30927422524,2016-04-27,2.26110364034
1.30604443111,2016-04-28,2.25405539062
1.30461889144,2016-04-29,2.26019953753
1.33276883392,2016-05-03,2.28924786946
1.33171843627,2016-05-04,2.26366484879
1.33517688839,2016-05-05,2.27194185036
1.29534752442,2016-05-06,2.159869845
1.26259583985,2016-05-09,2.0284828704
1.26332111442,2016-05-10,2.00005885535
1.26636512394,2016-05-11,1.99448887707
1.26870886836,2016-05-12,1.99476285533
1.26348188957,2016-05-13,1.99330085574
1.27566150043,2016-05-16,2.00034085747
1.27153493823,2016-05-17,2.01198186101
1.25621127998,2016-05-18,1.94474582952
1.25682937112,2016-05-19,1.95642283665
1.26561841268,2016-05-20,1.96671785036
1.2730926708,2016-05-23,1.99084986533
1.26195988481,2016-05-24,1.95188585123
1.25892302086,2016-05-25,1.96038885533
1.2622278434,2016-05-26,1.97700087823
1.26142396764,2016-05-27,1.96859486202
1.26087733213,2016-05-30,1.94822686261
1.3059694027,2016-05-31,2.00763984309
1.30499046067,2016-06-01,2.01436583875
