,date,fundvalue,benchmarkvalue,timing_position_ratio,alpha_position_ratio
0,2005-01-01,1.0,1.0,0.0,0.0
1,2007-02-01,0.997843747441,1.0,0.0,0.567524289594
2,2007-02-02,1.00890481052,0.957628363347,0.0,0.54439796581
3,2007-02-05,1.01901993148,0.935894450634,0.0,0.533783006689
4,2007-02-06,1.01192132209,0.958520360094,0.0,0.569443011148
5,2007-02-07,1.00715680266,0.973021576291,0.0,0.54287158632
6,2007-02-08,1.00884123271,0.980741467818,0.0,0.560168918583
7,2007-02-09,1.01318164497,0.978112047688,0.0,0.556603437367
8,2007-02-12,1.00947088645,1.00561707189,0.0,0.571689282721
9,2007-02-13,1.01308340705,1.01446539303,0.0,0.539123945146
10,2007-02-14,1.01263280198,1.04069511265,0.0,0.548821585334
11,2007-02-15,1.01174395266,1.07219083715,0.0,0.564401960982
12,2007-02-16,1.01358896112,1.07414678183,0.0,0.520843712883
13,2007-02-26,1.01845889213,1.0892390802,0.0,0.530187069528
14,2007-02-27,1.02475893108,0.99294283698,0.0,0.478128405945
15,2007-02-28,1.02184806147,1.032090389,0.0,0.588697358345
16,2007-03-01,1.02116758551,1.00204192026,0.0,0.528831693231
17,2007-03-02,1.02113726218,1.01434359428,0.0,0.539588206163
18,2007-03-05,1.02589755919,0.997786128555,0.0,0.534690920155
19,2007-03-06,1.02227360839,1.01744229784,0.0,0.538157574759
20,2007-03-07,1.01890570796,1.03765014383,0.0,0.552431226487
21,2007-03-08,1.0195867878,1.04890936382,0.0,0.564081798993
22,2007-03-09,1.02212169158,1.05245227459,0.0,0.562038530033
23,2007-03-12,1.02629161804,1.05854221222,0.0,0.562313547319
24,2007-03-13,1.02942159104,1.06208154068,0.0,0.563482644531
25,2007-03-14,1.0333096112,1.04113931986,0.0,0.55801905035
26,2007-03-15,1.033698154,1.05739228871,0.0,0.561809099557
27,2007-03-16,1.03656373371,1.04979061361,0.0,0.551054653175
28,2007-03-19,1.03072716268,1.07986774088,0.0,0.573559225526
29,2007-03-20,1.03586798155,1.08622993455,0.0,0.567341840194
30,2007-03-21,1.03933304399,1.09525020688,0.0,0.570411589667
31,2007-03-22,1.0424607687,1.10021171489,0.0,0.522284052533
32,2007-03-23,1.04170856614,1.10130790366,0.0,0.521481146878
33,2007-03-26,1.04128277883,1.11868930213,0.0,0.532564356964
34,2007-03-27,1.04281138963,1.12442817277,0.0,0.538855362994
35,2007-03-28,1.03956505973,1.13667611204,0.0,0.537775152428
36,2007-03-29,1.03369900674,1.1454599515,0.0,0.534385099418
37,2007-03-30,1.03404478423,1.14060233065,0.0,0.543418772826
38,2007-04-02,1.03042370182,1.16518418479,0.0,0.559377105099
39,2007-04-03,1.03237432199,1.17904774869,0.0,0.568916298824
40,2007-04-04,1.03639678395,1.17913372428,0.0,0.523859863715
41,2007-04-05,1.0371756381,1.18902091714,0.0,0.57123798425
42,2007-04-06,1.03678407084,1.19061504788,0.0,0.525964254737
43,2007-04-09,1.03330695316,1.21761138317,0.0,0.530982496293
44,2007-04-10,1.02841177891,1.23385360506,0.0,0.540712314103
45,2007-04-11,1.02867734877,1.25209834175,0.0,0.553989971246
46,2007-04-12,1.0293815946,1.26492661625,0.0,0.56339934694
47,2007-04-13,1.03283342943,1.26035558071,0.0,0.562500547405
48,2007-04-16,1.03188717759,1.28835854687,0.0,0.574005951601
49,2007-04-17,1.03435117057,1.29388606085,0.0,0.52234760315
50,2007-04-18,1.03840198672,1.29407592361,0.0,0.525437199539
51,2007-04-19,1.04028017623,1.23554804065,0.0,0.501783110963
52,2007-04-20,1.04129134095,1.28397379177,0.0,0.573884531001
53,2007-04-23,1.04235704504,1.3293581564,0.0,0.535440509801
54,2007-04-24,1.04585138681,1.33281150927,0.0,0.540480897071
55,2007-04-25,1.04642686528,1.34120487625,0.0,0.544693052014
56,2007-04-26,1.06080075648,1.3552117328,0.0,0.527874230364
57,2007-04-27,1.0620662905,1.34690434141,0.0,0.529717933637
58,2007-04-30,1.06001842012,1.37606439572,0.0,0.542089244687
59,2007-05-08,1.06565235329,1.41501850266,0.0,0.538740156942
60,2007-05-09,1.07172949996,1.43761575359,0.0,0.533528155991
61,2007-05-10,1.07965908379,1.4507306134,0.0,0.525043441203
62,2007-05-11,1.08731731891,1.44069296326,0.0,0.522152234598
63,2007-05-14,1.08864847268,1.44954486672,0.0,0.523494866693
64,2007-05-15,1.09807124872,1.39680958914,0.0,0.504755380134
65,2007-05-16,1.09635010156,1.42792558813,0.0,0.571757078593
66,2007-05-17,1.09982094567,1.45022550681,0.0,0.520125743119
67,2007-05-18,1.10746073883,1.4437665906,0.0,0.522417464852
68,2007-05-21,1.1183103884,1.45880157192,0.0,0.541476610828
69,2007-05-22,1.12578995461,1.47246810843,0.0,0.524233460139
70,2007-05-23,1.13303497486,1.49515491727,0.0,0.52808433019
71,2007-05-24,1.13304817813,1.48706604716,0.0,0.518585243658
72,2007-05-25,1.12579797163,1.49732938323,0.0,0.529535980181
73,2007-05-28,1.12388793687,1.53040490921,0.0,0.543053429566
74,2007-05-29,1.11797336514,1.5529054376,0.0,0.555948932158
75,2007-05-30,1.120452512,1.45194501861,0.0,0.556593014864
76,2007-05-31,1.08650411937,1.47220659934,0.0,0.526176127888
77,2007-06-01,1.0656875822,1.43319159302,0.0,0.508161700577
78,2007-06-04,1.05839888298,1.31485335788,0.0,0.545698755858
79,2007-06-05,1.04682487681,1.34949435606,0.0,0.569726915553
80,2007-06-06,1.04129582733,1.35279725165,0.0,0.535794892777
81,2007-06-07,1.04306766856,1.39380760812,0.0,0.55483474245
82,2007-06-08,1.04321278325,1.40181050263,0.0,0.554065181874
83,2007-06-11,1.03946119212,1.431378941,0.0,0.56333883959
84,2007-06-12,1.0358281742,1.45876933107,0.0,0.512426198724
85,2007-06-13,1.04264610743,1.49614721887,0.0,0.527968977261
86,2007-06-14,1.04092685726,1.47419836718,0.0,0.518756531193
87,2007-06-15,1.03722591862,1.48052473768,0.0,0.525470570967
88,2007-06-18,1.03888637336,1.52368448391,0.0,0.535410844139
89,2007-06-19,1.04341701768,1.5294770893,0.0,0.545369550019
90,2007-06-20,1.04645693374,1.49788105994,0.0,0.530584432112
91,2007-06-21,1.04416643721,1.51561352539,0.0,0.522825884679
92,2007-06-22,1.03827649934,1.46568678376,0.0,0.502258416879
93,2007-06-25,1.03258019655,1.41181949425,0.0,0.48431585015
94,2007-06-26,1.03702510728,1.42338679343,0.0,0.582550690251
95,2007-06-27,1.03312434343,1.46108350737,0.0,0.576938543195
96,2007-06-28,1.02866259017,1.40219022816,0.0,0.475085165579
97,2007-06-29,1.02165187395,1.36869557118,0.0,0.54715697014
98,2007-07-02,1.0211382582,1.37428040222,0.0,0.558315029714
99,2007-07-03,1.01698524823,1.39700303422,0.0,0.545272527931
100,2007-07-04,1.01986065145,1.36707278192,0.0,0.540776508017
101,2007-07-05,1.02068412301,1.29531898735,0.0,0.514776284595
102,2007-07-06,1.01769012205,1.35459915672,0.0,0.535853376015
103,2007-07-09,1.01646949599,1.3910922124,0.0,0.545853604168
104,2007-07-10,1.0120430981,1.38027361732,0.0,0.541670274047
105,2007-07-11,1.01156664853,1.38482315896,0.0,0.550940273452
106,2007-07-12,1.0122031636,1.40283146277,0.0,0.550672341637
107,2007-07-13,1.01213947999,1.40226187448,0.0,0.551907411867
108,2007-07-16,1.01545204515,1.36913261377,0.0,0.537315228446
109,2007-07-17,1.01429373372,1.39573847658,0.0,0.548132827687
110,2007-07-18,1.01540031694,1.40787178174,0.0,0.550223928963
111,2007-07-19,1.01891900185,1.40173885631,0.0,0.549853922546
112,2007-07-20,1.01381039274,1.45400843277,0.0,0.56600665005
113,2007-07-23,1.00951262347,1.50935880121,0.0,0.52344055156
114,2007-07-24,1.00923651085,1.50827335939,0.0,0.525653051714
115,2007-07-25,1.00731763374,1.5489828013,0.0,0.538881963864
116,2007-07-26,1.00511187377,1.55703943056,0.0,0.543575081107
117,2007-07-27,1.00964629107,1.55664537577,0.0,0.551752691285
118,2007-07-30,1.00933008093,1.59082425515,0.0,0.558128068063
119,2007-07-31,1.01021914327,1.60166434413,0.0,0.566252628305
120,2007-08-01,1.00479653916,1.54059659895,0.0,0.480494845809
121,2007-08-02,0.999137325033,1.57898828224,0.0,0.569476593189
122,2007-08-03,0.98897684246,1.6338120502,0.0,0.504714310808
123,2007-08-06,0.987244042397,1.65793536785,0.0,0.525801648967
124,2007-08-07,0.986746121143,1.66621768303,0.0,0.525188753964
125,2007-08-08,0.987810026118,1.67049138632,0.0,0.523475284151
126,2007-08-09,0.981790502189,1.70306897033,0.0,0.528367436454
127,2007-08-10,0.983021738666,1.70137453475,0.0,0.529091434481
128,2007-08-13,0.98808895313,1.72669792835,0.0,0.531338718757
129,2007-08-14,0.989158380206,1.74558748195,0.0,0.533512143972
130,2007-08-15,0.985864843633,1.74454502792,0.0,0.530052320775
131,2007-08-16,0.993726494548,1.70713489928,0.0,0.533314162532
132,2007-08-17,0.999465011518,1.66813063991,0.0,0.517218458948
133,2007-08-20,0.992669841626,1.75707597018,0.0,0.524858491641
134,2007-08-21,0.991260336827,1.77511293252,0.0,0.547536303909
135,2007-08-22,0.992021904481,1.78402215304,0.0,0.564822509121
136,2007-08-23,0.989821271176,1.80279707253,0.0,0.565171077415
137,2007-08-24,0.985487326082,1.82972892613,0.0,0.479409015844
138,2007-08-27,0.98208870704,1.84493585863,0.0,0.481683545769
139,2007-08-28,0.979999134041,1.86090224217,0.0,0.489744688449
140,2007-08-29,0.981401493048,1.83035941379,0.0,0.487461311344
141,2007-08-30,0.991139081272,1.85129805229,0.0,0.492696496059
142,2007-08-31,0.992820702625,1.86954995361,0.0,0.487614736819
143,2007-09-03,0.995222533454,1.90617197267,0.0,0.527472482183
144,2007-09-04,1.00055704076,1.89649613647,0.0,0.49462410002
145,2007-09-05,1.00381957515,1.90246785767,0.0,0.493837839886
146,2007-09-06,1.00460761795,1.93217958868,0.0,0.492498296564
147,2007-09-07,1.00197972375,1.89045276895,0.0,0.483406623123
148,2007-09-10,1.00470350914,1.91843424121,0.0,0.497684290926
149,2007-09-11,1.000789779,1.83198578537,0.0,0.465967342325
150,2007-09-12,0.998795521546,1.85299965252,0.0,0.571560632244
151,2007-09-13,0.993283185026,1.88916671742,0.0,0.486656153544
152,2007-09-14,0.996574127651,1.90299087584,0.0,0.499545416946
153,2007-09-17,0.996119656353,1.94211335165,0.0,0.505093839318
154,2007-09-18,1.00002384635,1.94348179646,0.0,0.50280116103
155,2007-09-19,1.00073759699,1.9327563416,0.0,0.496048856257
156,2007-09-20,1.00084241679,1.95955206718,0.0,0.501187757608
157,2007-09-21,0.997777915288,1.95403530014,0.0,0.496667932143
158,2007-09-24,0.99664804835,1.96490404766,0.0,0.504536805768
159,2007-09-25,1.00040900623,1.94372181165,0.0,0.503413951872
160,2007-09-26,1.00273364948,1.91242669685,0.0,0.493673149033
161,2007-09-27,1.00166756434,1.93781815446,0.0,0.495111134997
162,2007-09-28,0.998828111886,1.98900945373,0.0,0.505895067541
163,2007-10-08,0.992337986684,2.03932666784,0.0,0.524169993866
164,2007-10-09,0.994753068308,2.04761256533,0.0,0.540592001311
165,2007-10-10,0.991336060097,2.06751949676,0.0,0.535860513064
166,2007-10-11,0.976602186437,2.11830599429,0.0,0.539394071576
167,2007-10-12,0.961508504618,2.11473442498,0.0,0.546198489806
168,2007-10-15,0.953387852073,2.16016894203,0.0,0.566467543145
169,2007-10-16,0.95895724327,2.18236855586,0.0,0.47386920487
170,2007-10-17,0.964606191167,2.1623863958,0.0,0.468664426275
171,2007-10-18,0.972114099676,2.08679952284,0.0,0.535255809302
172,2007-10-19,0.971955203443,2.08420950818,0.0,0.5260037449
173,2007-10-22,0.974993063431,2.0302168376,0.0,0.519266374961
174,2007-10-23,0.972840197725,2.06821088379,0.0,0.517325906904
175,2007-10-24,0.959016338316,2.09318679272,0.0,0.51539418212
176,2007-10-25,0.950268783452,1.99262401083,0.0,0.505695634557
177,2007-10-26,0.941414222298,2.00238224031,0.0,0.518610190221
178,2007-10-29,0.936200671647,2.05911538282,0.0,0.528549043917
179,2007-10-30,0.935693194587,2.11255995902,0.0,0.543532747612
180,2007-10-31,0.943490718278,2.13318693601,0.0,0.556595537938
181,2007-11-01,0.937109610163,2.11868571981,0.0,0.538048773941
182,2007-11-02,0.938611953875,2.06979426758,0.0,0.540201769621
183,2007-11-05,0.953975558151,2.01843818176,0.0,0.532633672261
184,2007-11-06,0.960236990486,1.98337447026,0.0,0.512558947202
185,2007-11-07,0.958730648753,2.00673475456,0.0,0.506232066524
186,2007-11-08,0.966438398403,1.90938172804,0.0,0.491960797594
187,2007-11-09,0.970218408478,1.9041945341,0.0,0.481770919113
188,2007-11-12,0.968584596006,1.85841253238,0.0,0.474874648409
189,2007-11-13,0.972877930033,1.84780171163,0.0,0.556623344406
190,2007-11-14,0.966679116308,1.93899673651,0.0,0.569989244052
191,2007-11-15,0.965658529807,1.92200939283,0.0,0.479749136525
192,2007-11-16,0.972086011973,1.90445604319,0.0,0.481447724209
193,2007-11-19,0.984937712498,1.88781618419,0.0,0.56735371625
194,2007-11-20,0.985548259985,1.8963707554,0.0,0.565064082786
195,2007-11-21,0.986838886375,1.86790208813,0.0,0.546798281083
196,2007-11-22,0.992155709634,1.78548373808,0.0,0.53192940855
197,2007-11-23,0.992672391386,1.80266810915,0.0,0.531729639831
198,2007-11-26,0.996620181834,1.77641689564,0.0,0.519275749253
199,2007-11-27,1.00284619388,1.74140333657,0.0,0.517138815637
200,2007-11-28,1.00581142044,1.72072620715,0.0,0.501705669431
201,2007-11-29,0.996864875581,1.79235103833,0.0,0.511201365759
202,2007-11-30,1.00138235176,1.74522566801,0.0,0.515378847252
203,2007-12-03,1.00171215932,1.74409007376,0.0,0.541497081428
204,2007-12-04,0.999300948749,1.76102726501,0.0,0.533723708644
205,2007-12-05,0.994338248661,1.80643670585,0.0,0.550643201727
206,2007-12-06,0.996156356084,1.80372131012,0.0,0.555840905013
207,2007-12-07,0.997753142414,1.82402946097,0.0,0.562702225219
208,2007-12-10,1.0014934582,1.84916299181,0.0,0.579545471342
209,2007-12-11,1.00591588239,1.85387732,0.0,0.480158358239
210,2007-12-12,1.01446301818,1.82538357651,0.0,0.567926631822
211,2007-12-13,1.01991313748,1.77612672802,0.0,0.539246809526
212,2007-12-14,1.02002499024,1.79399173918,0.0,0.546825796038
213,2007-12-17,1.03454108113,1.74700966151,0.0,0.536742250371
214,2007-12-18,1.03340175272,1.73246903983,0.0,0.520583943224
215,2007-12-19,1.03287290117,1.77030188179,0.0,0.529340656894
216,2007-12-20,1.03090298589,1.80675553199,0.0,0.539529575354
217,2007-12-21,1.03212942995,1.82761894186,0.0,0.552758610542
218,2007-12-24,1.02742561853,1.87507746759,0.0,0.554929756635
219,2007-12-25,1.03095083268,1.86322716542,0.0,0.565458672922
220,2007-12-26,1.03567480649,1.87475147681,0.0,0.568460859586
221,2007-12-27,1.03206930867,1.90181229379,0.0,0.571055521759
222,2007-12-28,1.0327058962,1.88485719096,0.0,0.481147650036
223,2008-01-02,1.04412324962,1.88888729675,0.0,0.490258868479
224,2008-01-03,1.05019929419,1.90574209472,0.0,0.485723882724
225,2008-01-04,1.04598749148,1.92068393582,0.0,0.483420899233
226,2008-01-07,1.04845044583,1.93206495456,0.0,0.495037999429
227,2008-01-08,1.04056832818,1.92962539719,0.0,0.483043912332
228,2008-01-09,1.04601390578,1.94727905169,0.0,0.506359544212
229,2008-01-10,1.04107615012,1.95470519328,0.0,0.500211341536
230,2008-01-11,1.03925950575,1.96478583122,0.0,0.497758088139
231,2008-01-14,1.04533467514,1.96952165331,0.0,0.508133509739
232,2008-01-15,1.05095250241,1.95013774006,0.0,0.501020044074
233,2008-01-16,1.05947440993,1.89526381968,0.0,0.486380631396
234,2008-01-17,1.06052204692,1.84547678838,0.0,0.466873226409
235,2008-01-18,1.0639876253,1.85582251772,0.0,0.561226427632
236,2008-01-21,1.067231019,1.76050782915,0.0,0.530506022742
237,2008-01-22,1.06025479957,1.63344665394,0.0,0.495929663401
238,2008-01-23,1.06138730231,1.68478124586,0.0,0.518804091917
239,2008-01-24,1.07377858327,1.69004008612,0.0,0.523637300445
240,2008-01-25,1.06779952586,1.70578794837,0.0,0.514655554877
241,2008-01-28,1.0693075036,1.58312943983,0.0,0.488906130872
242,2008-01-29,1.08142143862,1.59697509216,0.0,0.573243697199
243,2008-01-30,1.0903890833,1.58261358629,0.0,0.555266551473
244,2008-01-31,1.0807278085,1.57026892448,0.0,0.53880653482
245,2008-02-01,1.06109485341,1.5478364601,0.0,0.54642553821
246,2008-02-04,1.05660595851,1.67371905327,0.0,0.597089098656
247,2008-02-05,1.06204133185,1.64775800737,0.0,0.528089608195
248,2008-02-13,1.07387515225,1.60871792484,0.0,0.520713488575
249,2008-02-14,1.0760746855,1.63078499296,0.0,0.511890025432
250,2008-02-15,1.0779758692,1.61101418955,0.0,0.508907627937
251,2008-02-18,1.08090644075,1.63645579959,0.0,0.511204102183
252,2008-02-19,1.07699922388,1.67089977037,0.0,0.521542849651
253,2008-02-20,1.08371412263,1.63605458017,0.0,0.517409441703
254,2008-02-21,1.09158800944,1.6217790499,0.0,0.514846492266
255,2008-02-22,1.09948827092,1.56557609019,0.0,0.493045925834
256,2008-02-25,1.10020986253,1.50189683646,0.0,0.525579169591
257,2008-02-26,1.10589356477,1.51825011016,0.0,0.51854039687
258,2008-02-27,1.10520066317,1.55259377608,0.0,0.53330060905
259,2008-02-28,1.10786870686,1.54022045574,0.0,0.534759320924
260,2008-02-29,1.10921509718,1.55778455234,0.0,0.539228507308
261,2008-03-03,1.11001534842,1.58992867608,0.0,0.546206785806
262,2008-03-04,1.118503291,1.55309530036,0.0,0.533754155937
263,2008-03-05,1.12750810052,1.53776298679,0.0,0.527355256792
264,2008-03-06,1.1311916547,1.56224453607,0.0,0.522851700776
265,2008-03-07,1.12950241496,1.54058226968,0.0,0.514319123701
266,2008-03-10,1.13508268172,1.48533578841,0.0,0.49953796029
267,2008-03-11,1.14074920292,1.49234996364,0.0,0.570284010911
268,2008-03-12,1.14866162603,1.45804570319,0.0,0.541390520787
269,2008-03-13,1.1425415389,1.4226309247,0.0,0.527954685035
270,2008-03-14,1.14269990915,1.41955371504,0.0,0.525650885775
271,2008-03-17,1.13381512917,1.36846272063,0.0,0.495910814787
272,2008-03-18,1.12629587924,1.31431601045,0.0,0.48249747205
273,2008-03-19,1.12104373292,1.34752766444,0.0,0.553952016786
274,2008-03-20,1.11962512513,1.36273101462,0.0,0.587778970415
275,2008-03-21,1.12045466143,1.36005502438,0.0,0.521080752877
276,2008-03-24,1.13211508884,1.29901593773,0.0,0.496918139802
277,2008-03-25,1.13152402784,1.3002446722,0.0,0.566277388883
278,2008-03-26,1.1293720933,1.29209132041,0.0,0.556700344195
279,2008-03-27,1.12802538685,1.22210360775,0.0,0.542584336724
280,2008-03-28,1.11651759193,1.28252295369,0.0,0.564564334604
281,2008-03-31,1.1139939372,1.24403454786,0.0,0.498084249477
282,2008-04-01,1.09996239305,1.19261039803,0.0,0.485276692312
283,2008-04-02,1.0834271859,1.19931649406,0.0,0.531012942061
284,2008-04-03,1.08445342274,1.23455215673,0.0,0.570406007415
285,2008-04-07,1.09383191954,1.28949772344,0.0,0.601257017611
286,2008-04-08,1.10100083457,1.29412607604,0.0,0.532314483783
287,2008-04-09,1.10137844062,1.22297052828,0.0,0.502742340845
288,2008-04-10,1.10380531613,1.24368706318,0.0,0.578994476008
289,2008-04-11,1.1085791261,1.25126366206,0.0,0.511438403158
290,2008-04-14,1.10579889801,1.18097145252,0.0,0.486654639666
291,2008-04-15,1.11118364904,1.19948486292,0.0,0.550706296762
292,2008-04-16,1.10853510264,1.17915521818,0.0,0.527273156688
293,2008-04-17,1.10280616402,1.15448738846,0.0,0.512998913844
294,2008-04-18,1.0908858152,1.10860866419,0.0,0.497946865244
295,2008-04-21,1.09036011644,1.11660081175,0.0,0.520818279938
296,2008-04-22,1.08472511887,1.12763792813,0.0,0.567596694755
297,2008-04-23,1.08794170738,1.17440148451,0.0,0.589418598388
298,2008-04-24,1.08593216343,1.28355466077,0.0,0.534778867601
299,2008-04-25,1.09352718431,1.27449856528,0.0,0.514224412453
300,2008-04-28,1.0965646272,1.24475459343,0.0,0.508250260401
301,2008-04-29,1.09939435301,1.26219689127,0.0,0.571747847969
302,2008-04-30,1.09696246488,1.3229887981,0.0,0.586886043047
303,2008-05-05,1.10519209357,1.34731272546,0.0,0.542133217825
304,2008-05-06,1.11065122529,1.33745777345,0.0,0.536577195993
305,2008-05-07,1.11294400409,1.28216472207,0.0,0.506567225584
306,2008-05-08,1.11085947548,1.30999573704,0.0,0.586747362142
307,2008-05-09,1.11160406766,1.29446639608,0.0,0.508581128381
308,2008-05-12,1.11042470439,1.29929894071,0.0,0.521705894964
309,2008-05-13,1.11792799822,1.27539056203,0.0,0.526581156898
310,2008-05-14,1.11918394952,1.3102070937,0.0,0.587177153707
311,2008-05-15,1.12349705739,1.30300305572,0.0,0.516545674361
312,2008-05-16,1.12078614048,1.29831380374,0.0,0.512687334306
313,2008-05-19,1.12457902477,1.29133903399,0.0,0.515714675835
314,2008-05-20,1.12304035008,1.23344880333,0.0,0.484042618566
315,2008-05-21,1.12484549212,1.26964094444,0.0,0.562366985017
316,2008-05-22,1.1304388448,1.24866290046,0.0,0.549582311858
317,2008-05-23,1.13168312281,1.24417067588,0.0,0.537293710214
318,2008-05-26,1.13496778328,1.20528463294,0.0,0.522862887217
319,2008-05-27,1.13258343254,1.20917861071,0.0,0.517839255036
320,2008-05-28,1.13060079875,1.23913393922,0.0,0.531961199858
321,2008-05-29,1.13464412636,1.21850337992,0.0,0.524435332967
322,2008-05-30,1.13174941445,1.22993455108,0.0,0.523479734598
323,2008-06-02,1.13413453897,1.23913752154,0.0,0.556290237122
324,2008-06-03,1.13656950179,1.23102715754,0.0,0.543190168401
325,2008-06-04,1.1397914016,1.20720833677,0.0,0.535158739496
326,2008-06-05,1.14001916827,1.20066702729,0.0,0.526218510252
327,2008-06-06,1.14060373614,1.19279309616,0.0,0.521146441831
328,2008-06-10,1.13494134761,1.10060576968,0.0,0.497009717297
329,2008-06-11,1.1246638593,1.08337841081,0.0,0.530483109838
330,2008-06-12,1.13107896737,1.05948077908,0.0,0.525487885734
331,2008-06-13,1.12293259455,1.02769488696,0.0,0.542430492582
332,2008-06-16,1.11573510638,1.02959351457,0.0,0.54336707013
333,2008-06-17,1.10157916552,1.0011678351,0.0,0.514791982669
334,2008-06-18,1.10185976586,1.05360219811,0.0,0.560723886341
335,2008-06-19,1.0905635773,0.984732168125,0.0,0.515343970904
336,2008-06-20,1.0808731739,1.01441882292,0.0,0.576673455606
337,2008-06-23,1.0836701897,0.988869743399,0.0,0.535292972328
338,2008-06-24,1.08805493312,1.00413041064,0.0,0.541031710305
339,2008-06-25,1.09653310798,1.04066645412,0.0,0.554528149114
340,2008-06-26,1.10301861986,1.03953444218,0.0,0.542328524957
341,2008-06-27,1.09215464005,0.98457454621,0.0,0.519904299666
342,2008-06-30,1.09661653099,0.980157550269,0.0,0.560265354376
343,2008-07-01,1.1009245832,0.949890560238,0.0,0.55075641652
344,2008-07-02,1.10656361011,0.949933548033,0.0,0.532636319484
345,2008-07-03,1.11644154566,0.968489946229,0.0,0.551498003207
346,2008-07-04,1.12363845355,0.956439034351,0.0,0.537487890298
347,2008-07-07,1.12948168254,1.00032599078,0.0,0.555049771924
348,2008-07-08,1.13507783674,1.00840411393,0.0,0.556766038918
349,2008-07-09,1.13750759632,1.04623337357,0.0,0.571299869889
350,2008-07-10,1.14106554542,1.03007712727,0.0,0.523758713956
351,2008-07-11,1.1391996084,1.02333520808,0.0,0.561951928974
352,2008-07-14,1.14958204913,1.03108375814,0.0,0.572593582084
353,2008-07-15,1.15866805833,0.99568689123,0.0,0.536972911724
354,2008-07-16,1.1496885739,0.969328208233,0.0,0.514251411515
355,2008-07-17,1.14685987137,0.961773103253,0.0,0.544347964508
356,2008-07-18,1.14633431436,0.995300001075,0.0,0.567136805357
357,2008-07-21,1.15332509828,1.02505113756,0.0,0.553552840913
358,2008-07-22,1.15765054044,1.0195701937,0.0,0.546564282907
359,2008-07-23,1.1598829849,1.01660761815,0.0,0.53637720943
360,2008-07-24,1.15991740821,1.0425579171,0.0,0.55153400423
361,2008-07-25,1.1618923098,1.02636942995,0.0,0.554168860891
362,2008-07-28,1.167666303,1.03994999087,0.0,0.551295256937
363,2008-07-29,1.16501432932,1.02107118421,0.0,0.543004239393
364,2008-07-30,1.16617150171,1.01618490484,0.0,0.529313289134
365,2008-07-31,1.15957322695,0.994350687267,0.0,0.516373278602
366,2008-08-01,1.1582047705,1.00370053269,0.0,0.57739991616
367,2008-08-04,1.15682002485,0.982177976636,0.0,0.518768684145
368,2008-08-05,1.15244291496,0.963911746057,0.0,0.544936934413
369,2008-08-06,1.14814277655,0.974164335176,0.0,0.547480791696
370,2008-08-07,1.15248209356,0.97710541682,0.0,0.555777797637
371,2008-08-08,1.13895612163,0.933451310949,0.0,0.519593729247
372,2008-08-11,1.12167149433,0.884857190963,0.0,0.499670643608
373,2008-08-12,1.11495553973,0.880246749944,0.0,0.554983426766
374,2008-08-13,1.11249718803,0.876342025227,0.0,0.556809763265
375,2008-08-14,1.11422495033,0.87303912964,0.0,0.557117028141
376,2008-08-15,1.1111074777,0.877886003532,0.0,0.553164637843
377,2008-08-18,1.09678235598,0.831050800827,0.0,0.517676617659
378,2008-08-19,1.09627930439,0.839863298812,0.0,0.548142694024
379,2008-08-20,1.09867748603,0.90391869575,0.0,0.585813371186
380,2008-08-21,1.09949179565,0.871119008128,0.0,0.527857293722
381,2008-08-22,1.09967104339,0.861629452371,0.0,0.556975101721
382,2008-08-25,1.09934428621,0.864545457802,0.0,0.550610305209
383,2008-08-26,1.08431487617,0.84187297823,0.0,0.533835195105
384,2008-08-27,1.08928421711,0.839032201441,0.0,0.545064032678
385,2008-08-28,1.08738622602,0.841894472128,0.0,0.539314498883
386,2008-08-29,1.09265759285,0.858813751796,0.0,0.555374408372
387,2008-09-01,1.09437412406,0.832938681493,0.0,0.540000804156
388,2008-09-02,1.10969417741,0.825684491078,0.0,0.536873520829
389,2008-09-03,1.12112152151,0.815575194609,0.0,0.55278692786
390,2008-09-04,1.1258543711,0.815840286012,0.0,0.545898948607
391,2008-09-05,1.110859163,0.788987243372,0.0,0.532571198617
392,2008-09-08,1.09501617039,0.767840830524,0.0,0.546042254705
393,2008-09-09,1.0949959957,0.76868625716,0.0,0.563514861454
394,2008-09-10,1.09938973281,0.770470250655,0.0,0.569314988249
395,2008-09-11,1.10395889154,0.744756384583,0.0,0.547175304491
396,2008-09-12,1.10376775609,0.745003564405,0.0,0.543550455997
397,2008-09-16,1.10958816956,0.711677276293,0.0,0.525996012017
398,2008-09-17,1.1183071509,0.691046716986,0.0,0.538228070569
399,2008-09-18,1.10805531459,0.679149844707,0.0,0.556345024393
400,2008-09-19,1.10619715695,0.74336286356,0.0,0.565891854753
401,2008-09-22,1.09654857726,0.801152789371,0.0,0.541562063674
402,2008-09-23,1.08666719158,0.788650505644,0.0,0.5316204975
403,2008-09-24,1.0932529141,0.794131449513,0.0,0.580749537345
404,2008-09-25,1.08724642737,0.823037159367,0.0,0.581623479243
405,2008-09-26,1.08829014677,0.82170453772,0.0,0.55471107467
406,2008-10-06,1.09269662779,0.778702413406,0.0,0.541337687618
407,2008-10-07,1.09969736949,0.773006530563,0.0,0.574585833204
408,2008-10-08,1.11133936246,0.749499371303,0.0,0.546265524266
409,2008-10-09,1.1125751992,0.743180165431,0.0,0.540348255326
410,2008-10-10,1.10506927967,0.716667442835,0.0,0.539354075402
411,2008-10-13,1.0888582153,0.74281835149,0.0,0.583121616861
412,2008-10-14,1.09292108914,0.722667822561,0.0,0.533143524994
413,2008-10-15,1.09517320531,0.714553876245,0.0,0.542971454508
414,2008-10-16,1.09703931773,0.684200910625,0.0,0.559020422772
415,2008-10-17,1.09607647781,0.691619887587,0.0,0.539849419191
416,2008-10-20,1.09374271212,0.707152810864,0.0,0.563097727477
417,2008-10-21,1.09841765927,0.701607385303,0.0,0.560003346249
418,2008-10-22,1.10307646137,0.679142680074,0.0,0.549364850272
419,2008-10-23,1.1033389407,0.671884907343,0.0,0.547797561666
420,2008-10-24,1.11243811008,0.659010062726,0.0,0.528097166514
421,2008-10-27,1.1133092525,0.617358471641,0.0,0.519693040596
422,2008-10-28,1.10160210171,0.634721958524,0.0,0.589727837668
423,2008-10-29,1.09726909747,0.616090331687,0.0,0.534401465978
424,2008-10-30,1.08391290325,0.631780876879,0.0,0.548585179261
425,2008-10-31,1.08487339481,0.619307251683,0.0,0.554372762941
426,2008-11-03,1.07906133755,0.616076002422,0.0,0.550782756206
427,2008-11-04,1.07665098659,0.611393915078,0.0,0.553456136589
428,2008-11-05,1.07614144653,0.630706182003,0.0,0.571996430213
429,2008-11-06,1.07835089256,0.61534162759,0.0,0.548982229244
430,2008-11-07,1.08183367096,0.626084994035,0.0,0.582787898114
431,2008-11-10,1.08508100492,0.671612651308,0.0,0.571383567862
432,2008-11-11,1.09043436884,0.660439406912,0.0,0.535846720692
433,2008-11-12,1.10175115886,0.665991997105,0.0,0.576589170887
434,2008-11-13,1.10930269095,0.690530863446,0.0,0.592029609769
435,2008-11-14,1.11953588018,0.711605629968,0.0,0.566804143841
436,2008-11-17,1.13565024077,0.727385733067,0.0,0.582751148359
437,2008-11-18,1.13935406914,0.681510591118,0.0,0.498348606888
438,2008-11-19,1.1432140503,0.722721557305,0.0,0.593935577433
439,2008-11-20,1.15119045505,0.710645569212,0.0,0.560617660528
440,2008-11-21,1.14659383352,0.705497780755,0.0,0.555128756578
441,2008-11-24,1.14680399247,0.67958688729,0.0,0.519558263156
442,2008-11-25,1.14416861683,0.676599235534,0.0,0.538458328721
443,2008-11-26,1.14235484034,0.679880637222,0.0,0.552306477275
444,2008-11-27,1.14727551137,0.687038105098,0.0,0.529304978607
445,2008-11-28,1.14750919908,0.670308688192,0.0,0.55091038741
446,2008-12-01,1.15439311946,0.678712802124,0.0,0.577586970535
447,2008-12-02,1.16847424302,0.676928808629,0.0,0.57581107862
448,2008-12-03,1.17296804642,0.704072018886,0.0,0.564845398345
449,2008-12-04,1.16911023823,0.717000598247,0.0,0.566602558765
450,2008-12-05,1.17850225865,0.723147852939,0.0,0.583274242286
451,2008-12-08,1.18460497249,0.748979935447,0.0,0.55542005285
452,2008-12-09,1.18751780158,0.729982912351,0.0,0.5424650855
453,2008-12-10,1.19473604683,0.744806537011,0.0,0.563909291898
454,2008-12-11,1.19982840386,0.727812028702,0.0,0.543807140962
455,2008-12-12,1.19737558308,0.700063406998,0.0,0.522098547429
456,2008-12-15,1.19858350418,0.703699457996,0.0,0.538932872242
457,2008-12-16,1.20037159332,0.70751104249,0.0,0.553628349738
458,2008-12-17,1.20549384818,0.708159441732,0.0,0.550470402076
459,2008-12-18,1.20331860994,0.722083905011,0.0,0.559091993219
460,2008-12-19,1.20635709346,0.723076206614,0.0,0.562797992811
461,2008-12-22,1.21773127693,0.712078495714,0.0,0.556957613209
462,2008-12-23,1.20793395339,0.679647786666,0.0,0.514276455867
463,2008-12-24,1.20590597628,0.667672103429,0.0,0.551454425079
464,2008-12-25,1.20797003302,0.663595427532,0.0,0.538688255673
465,2008-12-26,1.2084670926,0.663273019069,0.0,0.564174397911
466,2008-12-29,1.20723385434,0.662900458178,0.0,0.564389224069
467,2008-12-30,1.20613285198,0.65660632852,0.0,0.557533427596
468,2008-12-31,1.19960421523,0.652271725853,0.0,0.548524910896
469,2009-01-05,1.20111084592,0.67373338253,0.0,0.567470161516
470,2009-01-06,1.20635288117,0.693948393152,0.0,0.566645819887
471,2009-01-07,1.21301656753,0.689241229594,0.0,0.559597091783
472,2009-01-08,1.20929302095,0.672823474202,0.0,0.548762295211
473,2009-01-09,1.21480083201,0.682381093968,0.0,0.554639494994
474,2009-01-12,1.22377620741,0.680765469337,0.0,0.554909233921
475,2009-01-13,1.22286596399,0.66751806383,0.0,0.53923508162
476,2009-01-14,1.22237403549,0.690982235294,0.0,0.585362748724
477,2009-01-15,1.2300601074,0.687879949418,0.0,0.563184446463
478,2009-01-16,1.22602089855,0.700142217955,0.0,0.558840805483
479,2009-01-19,1.21927698244,0.711688023242,0.0,0.565765663753
480,2009-01-20,1.2198858238,0.714353266535,0.0,0.550116078041
481,2009-01-21,1.22067980862,0.71109694106,0.0,0.552912385805
482,2009-01-22,1.22586350868,0.718236497354,0.0,0.551973229685
483,2009-01-23,1.22405557943,0.713117367427,0.0,0.54665454174
484,2009-02-02,1.23257259966,0.720647396193,0.0,0.55527968152
485,2009-02-03,1.23829270883,0.73824731595,0.0,0.564713534593
486,2009-02-04,1.23810046785,0.755062708446,0.0,0.573275866603
487,2009-02-05,1.24253513017,0.751577114731,0.0,0.542530052281
488,2009-02-06,1.24619721974,0.781389150597,0.0,0.560571512594
489,2009-02-09,1.25013440135,0.796961479353,0.0,0.566886793571
490,2009-02-10,1.25937869425,0.811451948601,0.0,0.550626251562
491,2009-02-11,1.25854604012,0.809897223347,0.0,0.548730818417
492,2009-02-12,1.26978180101,0.805336934755,0.0,0.543185161444
493,2009-02-13,1.27552787223,0.831380373922,0.0,0.554044615066
494,2009-02-16,1.27820578534,0.855955063425,0.0,0.558582997438
495,2009-02-17,1.27134098147,0.830896761228,0.0,0.54316911836
496,2009-02-18,1.271207077,0.791641739716,0.0,0.53558449312
497,2009-02-19,1.27476430395,0.797828399887,0.0,0.560325740862
498,2009-02-20,1.27944526794,0.810133656219,0.0,0.572235190758
499,2009-02-23,1.28071632048,0.826003317225,0.0,0.551283695361
500,2009-02-24,1.28605887258,0.788342426446,0.0,0.532243769526
501,2009-02-25,1.28230351719,0.790463157668,0.0,0.552385852719
502,2009-02-26,1.27809123097,0.759898835389,0.0,0.530766553851
503,2009-02-27,1.26663161306,0.746142740973,0.0,0.543620323897
504,2009-03-02,1.27094878982,0.749939996203,0.0,0.558119962462
505,2009-03-03,1.27701624936,0.742051735811,0.0,0.548898679416
506,2009-03-04,1.27395036593,0.787432518118,0.0,0.59444943263
507,2009-03-05,1.27671468268,0.795661098553,0.0,0.567020068016
508,2009-03-06,1.2811193507,0.785605536828,0.0,0.544957186073
509,2009-03-09,1.28132740366,0.759003256325,0.0,0.540575752546
510,2009-03-10,1.28634444789,0.773268039649,0.0,0.559857932362
511,2009-03-11,1.29143518374,0.766268193689,0.0,0.53903019038
512,2009-03-12,1.29436345052,0.764423300818,0.0,0.568742904923
513,2009-03-13,1.2895613743,0.762621395742,0.0,0.556275311772
514,2009-03-16,1.28485495946,0.771376576667,0.0,0.572202692524
515,2009-03-17,1.28543613239,0.794675961583,0.0,0.561122604857
516,2009-03-18,1.29150205577,0.79661041236,0.0,0.56391757212
517,2009-03-19,1.29657013998,0.811666887576,0.0,0.573712724136
518,2009-03-20,1.29796121467,0.817158578394,0.0,0.536184707674
519,2009-03-23,1.29707190861,0.833060480245,0.0,0.549386702996
520,2009-03-24,1.3001031469,0.837695997478,0.0,0.539884535529
521,2009-03-25,1.29755591702,0.820909263512,0.0,0.533357138571
522,2009-03-26,1.29931417258,0.846035629717,0.0,0.584535765319
523,2009-03-27,1.3014971702,0.850599500625,0.0,0.551140541995
524,2009-03-30,1.3058512608,0.844724501968,0.0,0.549420192506
525,2009-03-31,1.30965457423,0.850158875726,0.0,0.563901015192
526,2009-04-01,1.31306227826,0.862628918606,0.0,0.569093146917
527,2009-04-02,1.30951091621,0.868815578777,0.0,0.536226801662
528,2009-04-03,1.30533800996,0.866841722521,0.0,0.534183992806
529,2009-04-07,1.3096136444,0.873791416054,0.0,0.542891907778
530,2009-04-08,1.31263364818,0.840909335158,0.0,0.523354374263
531,2009-04-09,1.3125968731,0.852548280667,0.0,0.561070023643
532,2009-04-10,1.30890492514,0.875600485762,0.0,0.574573487522
533,2009-04-13,1.30335707443,0.900486836779,0.0,0.552210658184
534,2009-04-14,1.30453397687,0.905315799089,0.0,0.564529473471
535,2009-04-15,1.30829931992,0.908496895923,0.0,0.567799058921
536,2009-04-16,1.31516883256,0.907805508886,0.0,0.565706261753
537,2009-04-17,1.31941935604,0.896990496115,0.0,0.554696575135
538,2009-04-20,1.32162223,0.916163052707,0.0,0.563233105865
539,2009-04-21,1.3259949884,0.908414502649,0.0,0.562276377452
540,2009-04-22,1.32648604152,0.881733411189,0.0,0.531465389724
541,2009-04-23,1.32295244996,0.882664813415,0.0,0.538583691393
542,2009-04-24,1.32272420057,0.877165957965,0.0,0.531884319764
543,2009-04-27,1.31725720216,0.861672440166,0.0,0.520028813467
544,2009-04-28,1.32112226665,0.860271754511,0.0,0.555455783026
545,2009-04-29,1.31275851849,0.884183715507,0.0,0.564394445593
546,2009-04-30,1.31075986489,0.887543928153,0.0,0.537266135158
547,2009-05-04,1.31188640167,0.917040720189,0.0,0.558345517701
548,2009-05-05,1.31662808421,0.919702381166,0.0,0.559635596692
549,2009-05-06,1.31838302286,0.928722653493,0.0,0.568064538008
550,2009-05-07,1.31148916474,0.930488735407,0.0,0.561241627675
551,2009-05-08,1.30801342197,0.940590867243,0.0,0.537815690367
552,2009-05-11,1.30407383882,0.924148035637,0.0,0.521723011213
553,2009-05-12,1.3016433217,0.937911294685,0.0,0.581097182429
554,2009-05-13,1.30302775819,0.954246656803,0.0,0.544795349782
555,2009-05-14,1.3069065956,0.945692085589,0.0,0.544681079896
556,2009-05-15,1.31043259295,0.947615789417,0.0,0.539114210196
557,2009-05-18,1.30994333401,0.95030969124,0.0,0.541058105824
558,2009-05-19,1.30883325755,0.958871427087,0.0,0.541993714161
559,2009-05-20,1.30941325899,0.949818913913,0.0,0.542104700029
560,2009-05-21,1.31231012465,0.935206645913,0.0,0.532702536647
561,2009-05-22,1.31642454583,0.93054247015,0.0,0.567080505465
562,2009-05-25,1.31274001094,0.934988124622,0.0,0.572727758972
563,2009-05-26,1.32282588867,0.927311220889,0.0,0.562848912869
564,2009-05-27,1.31414600567,0.943198793476,0.0,0.557088711828
565,2009-06-01,1.30067152504,0.97484855758,0.0,0.549926652643
566,2009-06-02,1.30750850952,0.975930417089,0.0,0.555831684433
567,2009-06-03,1.29697892554,0.995378812032,0.0,0.562262379936
568,2009-06-04,1.29327017476,0.991312883084,0.0,0.532481830292
569,2009-06-05,1.29733873612,0.986530490885,0.0,0.53196494949
570,2009-06-08,1.29700269282,0.991706937872,0.0,0.531381696411
571,2009-06-09,1.2975008077,0.998710366149,0.0,0.534069704502
572,2009-06-10,1.30028236887,1.00886981505,0.0,0.539399986742
573,2009-06-11,1.30442607256,1.00208849038,0.0,0.534739210651
574,2009-06-12,1.30514667407,0.982901604519,0.0,0.522608091369
575,2009-06-15,1.29996057243,0.999305030647,0.0,0.571151371045
576,2009-06-16,1.2979043276,0.994458156755,0.0,0.535603252163
577,2009-06-17,1.29390751196,1.00667385518,0.0,0.542034208327
578,2009-06-18,1.28759356401,1.02235723574,0.0,0.549839890472
579,2009-06-19,1.2891453644,1.03188261466,0.0,0.560420285799
580,2009-06-22,1.28720449355,1.03754625666,0.0,0.555946369623
581,2009-06-23,1.28700773005,1.03625662281,0.0,0.565801615812
582,2009-06-24,1.28679194373,1.04686027892,0.0,0.567172890013
583,2009-06-25,1.28459062243,1.04784541589,0.0,0.521471504869
584,2009-06-26,1.28193949468,1.04897742783,0.0,0.524262835299
585,2009-06-29,1.27433527276,1.06585013738,0.0,0.531319912423
586,2009-06-30,1.27189475114,1.06013634296,0.0,0.534841121509
587,2009-07-01,1.26024611811,1.07761446396,0.0,0.572857846664
588,2009-07-02,1.25862880004,1.09627833164,0.0,0.540092170654
589,2009-07-03,1.25504104085,1.10635180495,0.0,0.549404091386
590,2009-07-06,1.24770066631,1.11935561295,0.0,0.554379927106
591,2009-07-07,1.25816264985,1.10673869511,0.0,0.560811897676
592,2009-07-08,1.2615725513,1.1036292446,0.0,0.556792490175
593,2009-07-09,1.26484977762,1.1187716954,0.0,0.558863508469
594,2009-07-10,1.2698432585,1.1155082053,0.0,0.5591563538
595,2009-07-13,1.28009740861,1.10355401596,0.0,0.555299492771
596,2009-07-14,1.27441554321,1.12669577896,0.0,0.547472159589
597,2009-07-15,1.27424135361,1.14223944918,0.0,0.557582262833
598,2009-07-16,1.26942348385,1.14051635506,0.0,0.557717808733
599,2009-07-17,1.26963810551,1.14266574482,0.0,0.56613267793
600,2009-07-20,1.27707369143,1.17031406167,0.0,0.577807716382
601,2009-07-21,1.27539048391,1.15107344107,0.0,0.51384886128
602,2009-07-22,1.28228065765,1.18095354094,0.0,0.579317645563
603,2009-07-23,1.28090439068,1.19237038284,0.0,0.528326400804
604,2009-07-24,1.27558627585,1.20817197984,0.0,0.527814469944
605,2009-07-27,1.27333584909,1.23060086191,0.0,0.543220355108
606,2009-07-28,1.2798220656,1.23173287384,0.0,0.541157674024
607,2009-07-29,1.27619561992,1.17013852817,0.0,0.508530542307
608,2009-07-30,1.27015837186,1.18988783768,0.0,0.558421028105
609,2009-07-31,1.27409611777,1.22230779978,0.0,0.528720375584
610,2009-08-03,1.27683815898,1.24040924381,0.0,0.543240098414
611,2009-08-04,1.29031069111,1.24357959369,0.0,0.53940099859
612,2009-08-05,1.29909690011,1.2281971277,0.0,0.526077485849
613,2009-08-06,1.30311057911,1.20234355129,0.0,0.51190426959
614,2009-08-07,1.30810944218,1.16808227864,0.0,0.5431859699
615,2009-08-10,1.31692963586,1.16416680697,0.0,0.535104514968
616,2009-08-11,1.31612596903,1.16952953441,0.0,0.533048045037
617,2009-08-12,1.312268,1.11507474503,0.0,0.510534547329
618,2009-08-13,1.30431983651,1.12504791348,0.0,0.563688980759
619,2009-08-14,1.28832294558,1.09152101566,0.0,0.501110438915
620,2009-08-17,1.28610025664,1.02835045083,0.0,0.530048914302
621,2009-08-18,1.2905149642,1.04276927376,0.0,0.538985669098
622,2009-08-19,1.29135854484,0.997882851094,0.0,0.502999470697
623,2009-08-20,1.28392130682,1.04302003589,0.0,0.566605698883
624,2009-08-21,1.28839234499,1.06064144955,0.0,0.54145793622
625,2009-08-24,1.29538975505,1.07234129443,0.0,0.542911983742
626,2009-08-25,1.30870005285,1.04453177335,0.0,0.524259201223
627,2009-08-26,1.31750049261,1.06308817155,0.0,0.572063836071
628,2009-08-27,1.33437661162,1.05549366109,0.0,0.569160144156
629,2009-08-28,1.34058665287,1.02478962848,0.0,0.537926423742
630,2009-08-31,1.34665645095,0.955672418672,0.0,0.503520453488
631,2009-09-01,1.34047105386,0.96139337773,0.0,0.543637772788
632,2009-09-02,1.33577013203,0.972588116024,0.0,0.543265531262
633,2009-09-03,1.32971349201,1.01917613891,0.0,0.57249520176
634,2009-09-04,1.33509268619,1.02511920157,0.0,0.545596481454
635,2009-09-07,1.3337765692,1.03210830058,0.0,0.542119475353
636,2009-09-08,1.32892297013,1.04979061361,0.0,0.556917065399
637,2009-09-09,1.32758617524,1.05544350866,0.0,0.562195924608
638,2009-09-10,1.32969175244,1.04778451651,0.0,0.560567891978
639,2009-09-11,1.32670524445,1.07103733132,0.0,0.569332999117
640,2009-09-14,1.33302760553,1.08427398988,0.0,0.538019386917
641,2009-09-15,1.33936852329,1.08677802894,0.0,0.536413541594
642,2009-09-16,1.35231456273,1.07459098904,0.0,0.532015776147
643,2009-09-17,1.35999440741,1.09628191396,0.0,0.575842336077
644,2009-09-18,1.36443689004,1.06132208964,0.0,0.508696130976
645,2009-09-21,1.36800457706,1.06287681489,0.0,0.557295132852
646,2009-09-22,1.36956644173,1.03799404619,0.0,0.537832586388
647,2009-09-23,1.36717775439,1.01835220617,0.0,0.523043849627
648,2009-09-24,1.36034087958,1.02223185467,0.0,0.568335233261
649,2009-09-25,1.35861683105,1.01696226746,0.0,0.527382315976
650,2009-09-28,1.35785982089,0.989983843754,0.0,0.510639777209
651,2009-09-29,1.34186267081,0.986763341441,0.0,0.54558683703
652,2009-09-30,1.34033185877,0.995679726598,0.0,0.5604247977
653,2009-10-09,1.33671144562,1.04307018832,0.0,0.587296350158
654,2009-10-12,1.3419690386,1.0368942751,0.0,0.552870156981
655,2009-10-13,1.34311497781,1.0518361162,0.0,0.560003302258
656,2009-10-14,1.34446416184,1.06413779021,0.0,0.56191057389
657,2009-10-15,1.34529346846,1.06745501506,0.0,0.562202926615
658,2009-10-16,1.34432613453,1.06632300313,0.0,0.562673571597
659,2009-10-19,1.34419607227,1.08840440052,0.0,0.580053987468
660,2009-10-20,1.34669091052,1.10494753698,0.0,0.542300203161
661,2009-10-21,1.34501821617,1.09998244665,0.0,0.540404096708
662,2009-10-22,1.35162782574,1.09311156408,0.0,0.542230337903
663,2009-10-23,1.34965938423,1.11333015701,0.0,0.544177864895
664,2009-10-26,1.34558496135,1.11394631541,0.0,0.544494691595
665,2009-10-27,1.34468091243,1.08238252689,0.0,0.534832109922
666,2009-10-28,1.34719043636,1.08591827304,0.0,0.538595913455
667,2009-10-29,1.34786084355,1.06053398006,0.0,0.52894930739
668,2009-10-30,1.35170988192,1.07320821497,0.0,0.564442794746
669,2009-11-02,1.34262519016,1.1021533303,0.0,0.548614249811
670,2009-11-03,1.34956430504,1.11561567478,0.0,0.554967697692
671,2009-11-04,1.35468324287,1.12074196934,0.0,0.553624680321
672,2009-11-05,1.35914259434,1.13023868973,0.0,0.553824292373
673,2009-11-06,1.36293657647,1.13345919204,0.0,0.552085298889
674,2009-11-09,1.36921900477,1.13759676732,0.0,0.556124868668
675,2009-11-10,1.36622617219,1.13867862683,0.0,0.549257869333
676,2009-11-11,1.37237865866,1.13745347467,0.0,0.555230667284
677,2009-11-12,1.37443305426,1.13665103583,0.0,0.551014410185
678,2009-11-13,1.37775560048,1.14191704072,0.0,0.555479251356
679,2009-11-16,1.37234536099,1.17322648478,0.0,0.562892776155
680,2009-11-17,1.37429096815,1.17603502072,0.0,0.523392099434
681,2009-11-18,1.37565041253,1.18332145198,0.0,0.523881048892
682,2009-11-19,1.38485422817,1.18954751763,0.0,0.527397346861
683,2009-11-20,1.39096124048,1.18515559791,0.0,0.522125984
684,2009-11-23,1.39613859388,1.19601359847,0.0,0.569913522234
685,2009-11-24,1.39049543451,1.15477039144,0.0,0.498411648459
686,2009-11-25,1.39794030909,1.17864294696,0.0,0.570117851833
687,2009-11-26,1.39781198437,1.13594531952,0.0,0.537978777254
688,2009-11-27,1.3966703259,1.10918183479,0.0,0.529273928364
689,2009-11-30,1.39367999101,1.14465751265,0.0,0.540296674097
690,2009-12-01,1.39719177479,1.15900827157,0.0,0.541098426992
691,2009-12-02,1.39755382057,1.17132785717,0.0,0.562948381439
692,2009-12-03,1.40205363951,1.16949371124,0.0,0.564187251515
693,2009-12-04,1.38761966149,1.18826863073,0.0,0.565505612365
694,2009-12-07,1.39168193713,1.19359195268,0.0,0.533720906664
695,2009-12-08,1.39600839483,1.18096787021,0.0,0.525574808258
696,2009-12-09,1.39834304868,1.16051642671,0.0,0.517730097451
697,2009-12-10,1.39882670578,1.16577884929,0.0,0.558709877372
698,2009-12-11,1.39724687825,1.16329272181,0.0,0.5591786976
699,2009-12-14,1.38977268044,1.18320323555,0.0,0.564366752521
700,2009-12-15,1.39254348616,1.17301512812,0.0,0.52140396987
701,2009-12-16,1.39766811671,1.16611916933,0.0,0.56395190615
702,2009-12-17,1.39904417391,1.13884699569,0.0,0.546006527014
703,2009-12-18,1.3949941325,1.11549387603,0.0,0.535577683097
704,2009-12-21,1.39980929018,1.11874661919,0.0,0.536234677917
705,2009-12-22,1.40163672121,1.09279273793,0.0,0.518836674396
706,2009-12-23,1.40436096509,1.10112520554,0.0,0.566811434547
707,2009-12-24,1.39881670837,1.12965118987,0.0,0.578430797878
708,2009-12-25,1.40325680538,1.12533091646,0.0,0.539848922016
709,2009-12-28,1.40473277502,1.14232542477,0.0,0.542545604126
710,2009-12-29,1.40386190257,1.15055400521,0.0,0.545410899413
711,2009-12-30,1.39375347742,1.16876650104,0.0,0.552713256766
712,2009-12-31,1.3945405542,1.17397518888,0.0,0.563701519938
713,2010-01-04,1.40096719109,1.16201741722,0.0,0.555788568007
714,2010-01-05,1.39780471841,1.17578067627,0.0,0.556557811966
715,2010-01-06,1.39961604448,1.16576452002,0.0,0.557446080016
716,2010-01-07,1.40228803883,1.14375476896,0.0,0.546090173568
717,2010-01-08,1.41021381757,1.14490827479,0.0,0.54898334733
718,2010-01-11,1.4124182024,1.15090865452,0.0,0.537648740816
719,2010-01-12,1.41225968334,1.17283959463,0.0,0.549394377448
720,2010-01-13,1.4252045252,1.13654714866,0.0,0.545577122951
721,2010-01-14,1.43130988332,1.15191170307,0.0,0.534638510836
722,2010-01-15,1.431007714,1.15499249505,0.0,0.53366794568
723,2010-01-18,1.43566193732,1.1596315946,0.0,0.539364602175
724,2010-01-19,1.43545659045,1.16313151758,0.0,0.535686263291
725,2010-01-20,1.43483299222,1.12909234853,0.0,0.518566456757
726,2010-01-21,1.44122474455,1.13160355222,0.0,0.566404286326
727,2010-01-22,1.43947892695,1.12075988092,0.0,0.559059372695
728,2010-01-25,1.43566715483,1.10851552397,0.0,0.551858668211
729,2010-01-26,1.42879711615,1.08164098743,0.0,0.53319931179
730,2010-01-27,1.43099159127,1.06989815475,0.0,0.533037000276
731,2010-01-28,1.4352741343,1.07259563889,0.0,0.533970256966
732,2010-01-29,1.43783380405,1.0708582155,0.0,0.533485353515
733,2010-02-01,1.43193908886,1.0536881737,0.0,0.545440935251
734,2010-02-02,1.43285937066,1.05130593339,0.0,0.561246099389
735,2010-02-03,1.42867654322,1.07607048565,0.0,0.574302837124
736,2010-02-04,1.43832223831,1.07301476989,0.0,0.541692027391
737,2010-02-05,1.44755116393,1.05298603971,0.0,0.532983838678
738,2010-02-08,1.44917457191,1.05147071994,0.0,0.557548216363
739,2010-02-09,1.44793049416,1.05636774626,0.0,0.559633014897
740,2010-02-10,1.44336094242,1.06842582277,0.0,0.563665157426
741,2010-02-11,1.44235757406,1.06950051764,0.0,0.529384766772
742,2010-02-12,1.44290890965,1.08118961558,0.0,0.533326623636
743,2010-02-22,1.44737174129,1.07591286374,0.0,0.534839767969
744,2010-02-23,1.45682840338,1.0684544813,0.0,0.529457030456
745,2010-02-24,1.45966524226,1.08264045366,0.0,0.565038341872
746,2010-02-25,1.46005398652,1.09641087735,0.0,0.568262190308
747,2010-02-26,1.46298987567,1.09330142684,0.0,0.527961133349
748,2010-03-01,1.46066398436,1.10616194219,0.0,0.540692505952
749,2010-03-02,1.4648294412,1.10088519035,0.0,0.540083046905
750,2010-03-03,1.47185544209,1.10944692619,0.0,0.543538870789
751,2010-03-04,1.46675744999,1.0830667493,0.0,0.513427584784
752,2010-03-05,1.47009313579,1.08582513281,0.0,0.561909523991
753,2010-03-08,1.47271465864,1.09376354563,0.0,0.562301234773
754,2010-03-09,1.47023830902,1.09946301079,0.0,0.565743325352
755,2010-03-10,1.46978111902,1.09222314964,0.0,0.522787554867
756,2010-03-11,1.46993910601,1.09306499396,0.0,0.562173888386
757,2010-03-12,1.46763660252,1.07949876231,0.0,0.554061263001
758,2010-03-15,1.47110507035,1.06643405493,0.0,0.54836602764
759,2010-03-16,1.4741703471,1.07212993778,0.0,0.550213644764
760,2010-03-17,1.47484830818,1.09277840866,0.0,0.558009516448
761,2010-03-18,1.47856182236,1.09120577183,0.0,0.558415406892
762,2010-03-19,1.47977901852,1.09896506883,0.0,0.561955750397
763,2010-03-22,1.48159116477,1.10141179084,0.0,0.562918985602
764,2010-03-23,1.48377402757,1.09372772247,0.0,0.558368999975
765,2010-03-24,1.48266700012,1.09504601485,0.0,0.555161037119
766,2010-03-25,1.48606958819,1.08156575879,0.0,0.551148708942
767,2010-03-26,1.48336056284,1.09608846888,0.0,0.555169120723
768,2010-03-29,1.47220569566,1.11904395144,0.0,0.565452153386
769,2010-03-30,1.47335408881,1.12071689313,0.0,0.535601116749
770,2010-03-31,1.47358258079,1.11378152886,0.0,0.531431288684
771,2010-04-01,1.47296973421,1.12750538243,0.0,0.556950352337
772,2010-04-02,1.47553757559,1.13128114376,0.0,0.550569953744
773,2010-04-06,1.47869521541,1.13153907053,0.0,0.548876990412
774,2010-04-07,1.48501958781,1.12779196773,0.0,0.547049315141
775,2010-04-08,1.48951746645,1.11722055246,0.0,0.538331778387
776,2010-04-09,1.48952210727,1.12676384297,0.0,0.53952812083
777,2010-04-12,1.49287618547,1.12099989611,0.0,0.535595581979
778,2010-04-13,1.4793936027,1.13245972581,0.0,0.535719658429
779,2010-04-14,1.48465569468,1.13422580772,0.0,0.549516752861
780,2010-04-15,1.48550403531,1.13379234746,0.0,0.542937150108
781,2010-04-16,1.47344143755,1.121372457,0.0,0.546793460625
782,2010-04-19,1.4855070185,1.06763771319,0.0,0.528890677813
783,2010-04-20,1.48096920994,1.06736187484,0.0,0.557628838858
784,2010-04-21,1.48545151878,1.08661682471,0.0,0.57038151227
785,2010-04-22,1.48862055573,1.07450859577,0.0,0.565331108799
786,2010-04-23,1.48856102261,1.06879838366,0.0,0.560883587232
787,2010-04-26,1.48424866628,1.06376881164,0.0,0.557824000916
788,2010-04-27,1.477648363,1.04171249046,0.0,0.546793083794
789,2010-04-28,1.47617444904,1.03898993011,0.0,0.554163009369
790,2010-04-29,1.46860147304,1.02756234126,0.0,0.539698678775
791,2010-04-30,1.45077638399,1.0283432862,0.0,0.54321738679
792,2010-05-04,1.44243629312,1.01568696288,0.0,0.556539393435
793,2010-05-05,1.45483556269,1.02352148852,0.0,0.561992198094
794,2010-05-06,1.45147731438,0.98144718412,0.0,0.531010261151
795,2010-05-07,1.45848433287,0.963062737105,0.0,0.531746387072
796,2010-05-10,1.45844908616,0.966781181376,0.0,0.557021169122
797,2010-05-11,1.47496884834,0.948443304472,0.0,0.531611796581
798,2010-05-12,1.46813962324,0.951359309903,0.0,0.569563423225
799,2010-05-13,1.4630386084,0.970990402975,0.0,0.545873377392
800,2010-05-14,1.47207272329,0.966018148014,0.0,0.547520771895
801,2010-05-17,1.46275376104,0.917047884821,0.0,0.509676586658
802,2010-05-18,1.44842427714,0.929532256967,0.0,0.56027907263
803,2010-05-19,1.44607885074,0.927035382538,0.0,0.531692418275
804,2010-05-20,1.44032753089,0.915618540636,0.0,0.561162693868
805,2010-05-21,1.44223830902,0.925498568865,0.0,0.584391774948
806,2010-05-24,1.44093565326,0.957703591989,0.0,0.552739427606
807,2010-05-25,1.45439687819,0.939509007734,0.0,0.550253926778
808,2010-05-26,1.45452574286,0.94064101967,0.0,0.540204743888
809,2010-05-27,1.4496517398,0.951434538544,0.0,0.550701592954
810,2010-05-28,1.45596433303,0.9513808038,0.0,0.5449162041
811,2010-05-31,1.45012399967,0.928590107792,0.0,0.530214433649
812,2010-06-01,1.44346793102,0.920039118893,0.0,0.538593763899
